Workbook
Name Expansion_Driver: ref!$D$3:$D$50
Name Expansion_Smart_IO: ref!$E$3:$E$34
Name Smart_IO: ref!$F$3:$F$10
Name 단독형_Smart_IO: ref!$F$3:$F$10
Name 증설_드라이브: ref!$D$3:$D$50
Name 증설형_Smart_IO: ref!$E$3:$E$34

Sheet XEL-BSSRx_Device mapping
U5: Offset = | V5: 0
B7: Slot | C7: Module Name | D7: Refresh Data [Byte] | F7: Total Refresh Data size [Byte] | H7: Byte Offset | M7: Aligning data on memory in side of LS PLC | Q7: Modbus Addr. Map (HEX) | U7: Modbus Addr. Map (Decimal) | Y7: Detailed Devices Info. | Z7: Input/Output | AA7: Flag | AB7: BIT/WORD | AC7: WORD(16BIT) Offset | AD7: Description
M8: Device type | N8: Start Addr. Read | O8: Device type | P8: Start Addr. Write | Q8: READING | R8: Counts | S8: WRITING | T8: Counts | U8: READING | V8: Counts | W8: WRITING | X8: Counts
D9: Input | E9: Output | F9: Input Refresh | G9: Output Refresh | H9: I | I9: Q | J9: U | K9: Input Refresh | L9: Output Refresh | M9: MW | N9: 0 | O9: MW | P9: 100 | R9: Word | T9: Word | V9: Word | X9: Word | Y9: Select slot
B10: Header | C10: Header | D10: 4 | E10: 0 | F10: =D10 -> 4 | G10: =E10 -> 0 | H10: - | I10: - | J10: - | K10: =IFERROR(F10-D10,0) -> 0 | L10: =IFERROR(G10-E10,"-") -> 0 | Q10: =IF(D10<>0,"H302"&TEXT(DEC2HEX(K10/2,2),"00"),0) -> H30200 | R10: =D10/2 -> 2 | S10: =IF(E10<>0,"H402"&TEXT(DEC2HEX(L10/2,2),"00"),0) -> 0 | T10: =E10/2 -> 0 | U10: =IF(D10<>0,"305"&TEXT(K10/2+12+$V$5,"00"),0) -> 30512 | V10: =D10/2 -> 2 | W10: =IF(E10<>0,"405"&TEXT(L10/2+12+$V$5,"00"),0) -> 0 | X10: =E10/2 -> 0 | Y10: 3 | Z10: =IFERROR(HLOOKUP(VLOOKUP((VLOOKUP($Y$10,$B$10:$C$22,2,FALSE)),'All data map'!$C$1:$J$3005,4,FALSE),IF($Y$14="XBE-DC08A",'All data map'!$F$1359:$J$1359, IF($Y$14="XBE-DC16A",'All data map'!$F$1360:$J$1360, IF($Y$14="XBE-DC16B",'All data map'!$F$1361:$J$1361, IF($Y$14="XBE-DC32A",'All data map'!$F$1362:$J$1362, IF($Y$14="XBE-AC08A",'All data map'!$F$1363:$J$1363, IF($Y$14="XBE-TN08A",'All data map'!$F$1364:$J$1364, IF($Y$14="XBE-TP08A",'All data map'!$F$1365:$J$1365, IF($Y$14="XBE-TN16A",'All data map'!$F$1366:$J$1366, IF($Y$14="XBE-TP16A",'All data map'!$F$1367:$J$1367, IF($Y$14="XBE-TN32A",'All data map'!$F$1368:$J$1368, IF($Y$14="XBE-TP32A",'All data map'!$F$1369:$J$1369, IF($Y$14="XBE-RY08A",'All data map'!$F$1370:$J$1370, IF($Y$14="XBE-RY08B",'All data map'!$F$1371:$J$1371, IF($Y$14="XBE-RY16A",'All data map'!$F$1372:$J$1372, IF($Y$14="XBE-DR16A",'All data map'!$F$1373:$J$1374, IF($Y$14="XBE-DN32A",'All data map'!$F$1375:$J$1376, IF($Y$14="XBF-AD04A",'All data map'!$F$1377:$J$1387, IF($Y$14="XBF-AD08A",'All data map'!$F$1388:$J$1422, IF($Y$14="XBF-AD04C",'All data map'!$F$1423:$J$1453, IF($Y$14="XBF-DV04A",'All data map'!$F$1454:$J$1470, IF($Y$14="XBF-DC04A",'All data map'!$F$1471:$J$1487, IF($Y$14="XBF-DC04B",'All data map'!$F$1488:$J$1504, IF($Y$14="XBF-DV04C",'All data map'!$F$1505:$J$1525, IF($Y$14="XBF-DC04C",'All data map'!$F$1526:$J$1550, IF($Y$14="XBF-AH04A",'All data map'!$F$1551:$J$1570, IF($Y$14="XBF-RD04A",'All data map'!$F$1571:$J$1590, IF($Y$14="XBF-RD01A",'All data map'!$F$1591:$J$1604, IF($Y$14="XBF-TC04B",'All data map'!$F$1605:$J$1650, IF($Y$14="XBF-TC04S",'All data map'!$F$1651:$J$1696, IF($Y$14="XBF-LD02S",'All data map'!$F$1697:$J$1805, IF($Y$14="XBF-HO02A",'All data map'!$F$1806:$J$1866, IF($Y$14="XBF-HD02A",'All data map'!$F$1867:$J$1927,IF($Y$14="Header",'All data map'!$F$2063:$J$2075,))))))))))))))))))))))))))))))))),BD10,FALSE),"-") -> Input | AA10: =IFERROR(HLOOKUP(VLOOKUP((VLOOKUP($Y$10,$B$10:$C$22,2,FALSE)),'All data map'!$C$1:$J$3005,5,FALSE),IF($Y$14="XBE-DC08A",'All data map'!$F$1359:$J$1359, IF($Y$14="XBE-DC16A",'All data map'!$F$1360:$J$1360, IF($Y$14="XBE-DC16B",'All data map'!$F$1361:$J$1361, IF($Y$14="XBE-DC32A",'All data map'!$F$1362:$J$1362, IF($Y$14="XBE-AC08A",'All data map'!$F$1363:$J$1363, IF($Y$14="XBE-TN08A",'All data map'!$F$1364:$J$1364, IF($Y$14="XBE-TP08A",'All data map'!$F$1365:$J$1365, IF($Y$14="XBE-TN16A",'All data map'!$F$1366:$J$1366, IF($Y$14="XBE-TP16A",'All data map'!$F$1367:$J$1367, IF($Y$14="XBE-TN32A",'All data map'!$F$1368:$J$1368, IF($Y$14="XBE-TP32A",'All data map'!$F$1369:$J$1369, IF($Y$14="XBE-RY08A",'All data map'!$F$1370:$J$1370, IF($Y$14="XBE-RY08B",'All data map'!$F$1371:$J$1371, IF($Y$14="XBE-RY16A",'All data map'!$F$1372:$J$1372, IF($Y$14="XBE-DR16A",'All data map'!$F$1373:$J$1374, IF($Y$14="XBE-DN32A",'All data map'!$F$1375:$J$1376, IF($Y$14="XBF-AD04A",'All data map'!$F$1377:$J$1387, IF($Y$14="XBF-AD08A",'All data map'!$F$1388:$J$1422, IF($Y$14="XBF-AD04C",'All data map'!$F$1423:$J$1453, IF($Y$14="XBF-DV04A",'All data map'!$F$1454:$J$1470, IF($Y$14="XBF-DC04A",'All data map'!$F$1471:$J$1487, IF($Y$14="XBF-DC04B",'All data map'!$F$1488:$J$1504, IF($Y$14="XBF-DV04C",'All data map'!$F$1505:$J$1525, IF($Y$14="XBF-DC04C",'All data map'!$F$1526:$J$1550, IF($Y$14="XBF-AH04A",'All data map'!$F$1551:$J$1570, IF($Y$14="XBF-RD04A",'All data map'!$F$1571:$J$1590, IF($Y$14="XBF-RD01A",'All data map'!$F$1591:$J$1604, IF($Y$14="XBF-TC04B",'All data map'!$F$1605:$J$1650, IF($Y$14="XBF-TC04S",'All data map'!$F$1651:$J$1696, IF($Y$14="XBF-LD02S",'All data map'!$F$1697:$J$1805, IF($Y$14="XBF-HO02A",'All data map'!$F$1806:$J$1866, IF($Y$14="XBF-HD02A",'All data map'!$F$1867:$J$1927,IF($Y$14="Header",'All data map'!$F$2063:$H$2075,0))))))))))))))))))))))))))))))))),BE10,FALSE),"-") -> XBF-TC04B_CH0_ADJERR | AB10: =IFERROR(HLOOKUP(VLOOKUP((VLOOKUP($Y$10,$B$10:$C$22,2,FALSE)),'All data map'!$C$1:$J$3005,6,FALSE),IF($Y$14="XBE-DC08A",'All data map'!$F$1359:$J$1359, IF($Y$14="XBE-DC16A",'All data map'!$F$1360:$J$1360, IF($Y$14="XBE-DC16B",'All data map'!$F$1361:$J$1361, IF($Y$14="XBE-DC32A",'All data map'!$F$1362:$J$1362, IF($Y$14="XBE-AC08A",'All data map'!$F$1363:$J$1363, IF($Y$14="XBE-TN08A",'All data map'!$F$1364:$J$1364, IF($Y$14="XBE-TP08A",'All data map'!$F$1365:$J$1365, IF($Y$14="XBE-TN16A",'All data map'!$F$1366:$J$1366, IF($Y$14="XBE-TP16A",'All data map'!$F$1367:$J$1367, IF($Y$14="XBE-TN32A",'All data map'!$F$1368:$J$1368, IF($Y$14="XBE-TP32A",'All data map'!$F$1369:$J$1369, IF($Y$14="XBE-RY08A",'All data map'!$F$1370:$J$1370, IF($Y$14="XBE-RY08B",'All data map'!$F$1371:$J$1371, IF($Y$14="XBE-RY16A",'All data map'!$F$1372:$J$1372, IF($Y$14="XBE-DR16A",'All data map'!$F$1373:$J$1374, IF($Y$14="XBE-DN32A",'All data map'!$F$1375:$J$1376, IF($Y$14="XBF-AD04A",'All data map'!$F$1377:$J$1387, IF($Y$14="XBF-AD08A",'All data map'!$F$1388:$J$1422, IF($Y$14="XBF-AD04C",'All data map'!$F$1423:$J$1453, IF($Y$14="XBF-DV04A",'All data map'!$F$1454:$J$1470, IF($Y$14="XBF-DC04A",'All data map'!$F$1471:$J$1487, IF($Y$14="XBF-DC04B",'All data map'!$F$1488:$J$1504, IF($Y$14="XBF-DV04C",'All data map'!$F$1505:$J$1525, IF($Y$14="XBF-DC04C",'All data map'!$F$1526:$J$1550, IF($Y$14="XBF-AH04A",'All data map'!$F$1551:$J$1570, IF($Y$14="XBF-RD04A",'All data map'!$F$1571:$J$1590, IF($Y$14="XBF-RD01A",'All data map'!$F$1591:$J$1604, IF($Y$14="XBF-TC04B",'All data map'!$F$1605:$J$1650, IF($Y$14="XBF-TC04S",'All data map'!$F$1651:$J$1696, IF($Y$14="XBF-LD02S",'All data map'!$F$1697:$J$1805, IF($Y$14="XBF-HO02A",'All data map'!$F$1806:$J$1866, IF($Y$14="XBF-HD02A",'All data map'!$F$1867:$J$1927,IF($Y$14="Header",'All data map'!$F$2063:$J$2075,))))))))))))))))))))))))))))))))),BF10,FALSE),"-") -> BIT | AC10: =IFERROR(HLOOKUP(VLOOKUP((VLOOKUP($Y$10,$B$10:$C$22,2,FALSE)),'All data map'!$C$1:$J$3005,7,FALSE),IF($Y$14="XBE-DC08A",'All data map'!$F$1359:$J$1359, IF($Y$14="XBE-DC16A",'All data map'!$F$1360:$J$1360, IF($Y$14="XBE-DC16B",'All data map'!$F$1361:$J$1361, IF($Y$14="XBE-DC32A",'All data map'!$F$1362:$J$1362, IF($Y$14="XBE-AC08A",'All data map'!$F$1363:$J$1363, IF($Y$14="XBE-TN08A",'All data map'!$F$1364:$J$1364, IF($Y$14="XBE-TP08A",'All data map'!$F$1365:$J$1365, IF($Y$14="XBE-TN16A",'All data map'!$F$1366:$J$1366, IF($Y$14="XBE-TP16A",'All data map'!$F$1367:$J$1367, IF($Y$14="XBE-TN32A",'All data map'!$F$1368:$J$1368, IF($Y$14="XBE-TP32A",'All data map'!$F$1369:$J$1369, IF($Y$14="XBE-RY08A",'All data map'!$F$1370:$J$1370, IF($Y$14="XBE-RY08B",'All data map'!$F$1371:$J$1371, IF($Y$14="XBE-RY16A",'All data map'!$F$1372:$J$1372, IF($Y$14="XBE-DR16A",'All data map'!$F$1373:$J$1374, IF($Y$14="XBE-DN32A",'All data map'!$F$1375:$J$1376, IF($Y$14="XBF-AD04A",'All data map'!$F$1377:$J$1387, IF($Y$14="XBF-AD08A",'All data map'!$F$1388:$J$1422, IF($Y$14="XBF-AD04C",'All data map'!$F$1423:$J$1453, IF($Y$14="XBF-DV04A",'All data map'!$F$1454:$J$1470, IF($Y$14="XBF-DC04A",'All data map'!$F$1471:$J$1487, IF($Y$14="XBF-DC04B",'All data map'!$F$1488:$J$1504, IF($Y$14="XBF-DV04C",'All data map'!$F$1505:$J$1525, IF($Y$14="XBF-DC04C",'All data map'!$F$1526:$J$1550, IF($Y$14="XBF-AH04A",'All data map'!$F$1551:$J$1570, IF($Y$14="XBF-RD04A",'All data map'!$F$1571:$J$1590, IF($Y$14="XBF-RD01A",'All data map'!$F$1591:$J$1604, IF($Y$14="XBF-TC04B",'All data map'!$F$1605:$J$1650, IF($Y$14="XBF-TC04S",'All data map'!$F$1651:$J$1696, IF($Y$14="XBF-LD02S",'All data map'!$F$1697:$J$1805, IF($Y$14="XBF-HO02A",'All data map'!$F$1806:$J$1866, IF($Y$14="XBF-HD02A",'All data map'!$F$1867:$J$1927,IF($Y$14="Header",'All data map'!$F$2063:$J$2075,))))))))))))))))))))))))))))))))),BG10,FALSE),"-") -> 0 | AD10: =IFERROR(HLOOKUP(VLOOKUP((VLOOKUP($Y$10,$B$10:$C$22,2,FALSE)),'All data map'!$C$1:$J$3005,8,FALSE),IF($Y$14="XBE-DC08A",'All data map'!$F$1359:$J$1359, IF($Y$14="XBE-DC16A",'All data map'!$F$1360:$J$1360, IF($Y$14="XBE-DC16B",'All data map'!$F$1361:$J$1361, IF($Y$14="XBE-DC32A",'All data map'!$F$1362:$J$1362, IF($Y$14="XBE-AC08A",'All data map'!$F$1363:$J$1363, IF($Y$14="XBE-TN08A",'All data map'!$F$1364:$J$1364, IF($Y$14="XBE-TP08A",'All data map'!$F$1365:$J$1365, IF($Y$14="XBE-TN16A",'All data map'!$F$1366:$J$1366, IF($Y$14="XBE-TP16A",'All data map'!$F$1367:$J$1367, IF($Y$14="XBE-TN32A",'All data map'!$F$1368:$J$1368, IF($Y$14="XBE-TP32A",'All data map'!$F$1369:$J$1369, IF($Y$14="XBE-RY08A",'All data map'!$F$1370:$J$1370, IF($Y$14="XBE-RY08B",'All data map'!$F$1371:$J$1371, IF($Y$14="XBE-RY16A",'All data map'!$F$1372:$J$1372, IF($Y$14="XBE-DR16A",'All data map'!$F$1373:$J$1374, IF($Y$14="XBE-DN32A",'All data map'!$F$1375:$J$1376, IF($Y$14="XBF-AD04A",'All data map'!$F$1377:$J$1387, IF($Y$14="XBF-AD08A",'All data map'!$F$1388:$J$1422, IF($Y$14="XBF-AD04C",'All data map'!$F$1423:$J$1453, IF($Y$14="XBF-DV04A",'All data map'!$F$1454:$J$1470, IF($Y$14="XBF-DC04A",'All data map'!$F$1471:$J$1487, IF($Y$14="XBF-DC04B",'All data map'!$F$1488:$J$1504, IF($Y$14="XBF-DV04C",'All data map'!$F$1505:$J$1525, IF($Y$14="XBF-DC04C",'All data map'!$F$1526:$J$1550, IF($Y$14="XBF-AH04A",'All data map'!$F$1551:$J$1570, IF($Y$14="XBF-RD04A",'All data map'!$F$1571:$J$1590, IF($Y$14="XBF-RD01A",'All data map'!$F$1591:$J$1604, IF($Y$14="XBF-TC04B",'All data map'!$F$1605:$J$1650, IF($Y$14="XBF-TC04S",'All data map'!$F$1651:$J$1696, IF($Y$14="XBF-LD02S",'All data map'!$F$1697:$J$1805, IF($Y$14="XBF-HO02A",'All data map'!$F$1806:$J$1866, IF($Y$14="XBF-HD02A",'All data map'!$F$1867:$J$1927,IF($Y$14="Header",'All data map'!$F$2063:$J$2075,))))))))))))))))))))))))))))))))),BH10,FALSE),"-") -> Temperature input module : Channel 0 offset/gain error flag | BB10: 1 | BC10: 1 | BD10: 1 | BE10: 1 | BF10: 1 | BG10: 1 | BH10: 1 | BI10: 1 | BJ10: 1 | BK10: 1 | BL10: 1 | BM10: 1 | BN10: 1 | BO10: 1 | BP10: 1 | BQ10: 1 | BR10: 1
B11: 0 | C11: XBE-DR16A | D11: =IFERROR(VLOOKUP(C11,'refresh size'!C:E,2,FALSE),0) -> 2 | E11: =IFERROR(VLOOKUP(C11,'refresh size'!C:E,3,FALSE),0) -> 2 | F11: =IF(LEN(C11)>0,IF(D11>0,MAX(F$10:F10)+D11,"-"),"-") -> 6 | G11: =IF(LEN(C11)>0,IF(E11>0,MAX(G$10:G10)+E11,0),0) -> 2 | H11: =B11*8 -> 0 | I11: =B11*8 -> 0 | J11: =B11*64 -> 0 | K11: =IFERROR(F11-D11,0) -> 4 | L11: =IFERROR(G11-E11,0) -> 0 | M11: =$M$9 -> MW | N11: =IF(D11,IF(D11,$N$9+(K11/2),0),"-") -> 2 | O11: =$M$9 -> MW | P11: =IF(E11,IF(E11,$P$9+(L11/2),0),"-") -> 100 | Q11: =IF(D11<>0,"H302"&TEXT(DEC2HEX(K11/2,2),"00"),0) -> H30202 | R11: =D11/2 -> 1 | S11: =IF(E11<>0,"H402"&TEXT(DEC2HEX(L11/2,2),"00"),0) -> H40200 | T11: =E11/2 -> 1 | U11: =IF(D11<>0,"305"&TEXT(K11/2+12+$V$5,"00"),0) -> 30514 | V11: =D11/2 -> 1 | W11: =IF(E11<>0,"405"&TEXT(L11/2+12+$V$5,"00"),0) -> 40512 | X11: =E11/2 -> 1 | Z11: =IFERROR(HLOOKUP(VLOOKUP((VLOOKUP($Y$10,$B$10:$C$22,2,FALSE)),'All data map'!$C$1:$J$3005,4,FALSE),IF($Y$14="XBE-DC08A",'All data map'!$F$1359:$J$1359, IF($Y$14="XBE-DC16A",'All data map'!$F$1360:$J$1360, IF($Y$14="XBE-DC16B",'All data map'!$F$1361:$J$1361, IF($Y$14="XBE-DC32A",'All data map'!$F$1362:$J$1362, IF($Y$14="XBE-AC08A",'All data map'!$F$1363:$J$1363, IF($Y$14="XBE-TN08A",'All data map'!$F$1364:$J$1364, IF($Y$14="XBE-TP08A",'All data map'!$F$1365:$J$1365, IF($Y$14="XBE-TN16A",'All data map'!$F$1366:$J$1366, IF($Y$14="XBE-TP16A",'All data map'!$F$1367:$J$1367, IF($Y$14="XBE-TN32A",'All data map'!$F$1368:$J$1368, IF($Y$14="XBE-TP32A",'All data map'!$F$1369:$J$1369, IF($Y$14="XBE-RY08A",'All data map'!$F$1370:$J$1370, IF($Y$14="XBE-RY08B",'All data map'!$F$1371:$J$1371, IF($Y$14="XBE-RY16A",'All data map'!$F$1372:$J$1372, IF($Y$14="XBE-DR16A",'All data map'!$F$1373:$J$1374, IF($Y$14="XBE-DN32A",'All data map'!$F$1375:$J$1376, IF($Y$14="XBF-AD04A",'All data map'!$F$1377:$J$1387, IF($Y$14="XBF-AD08A",'All data map'!$F$1388:$J$1422, IF($Y$14="XBF-AD04C",'All data map'!$F$1423:$J$1453, IF($Y$14="XBF-DV04A",'All data map'!$F$1454:$J$1470, IF($Y$14="XBF-DC04A",'All data map'!$F$1471:$J$1487, IF($Y$14="XBF-DC04B",'All data map'!$F$1488:$J$1504, IF($Y$14="XBF-DV04C",'All data map'!$F$1505:$J$1525, IF($Y$14="XBF-DC04C",'All data map'!$F$1526:$J$1550, IF($Y$14="XBF-AH04A",'All data map'!$F$1551:$J$1570, IF($Y$14="XBF-RD04A",'All data map'!$F$1571:$J$1590, IF($Y$14="XBF-RD01A",'All data map'!$F$1591:$J$1604, IF($Y$14="XBF-TC04B",'All data map'!$F$1605:$J$1650, IF($Y$14="XBF-TC04S",'All data map'!$F$1651:$J$1696, IF($Y$14="XBF-LD02S",'All data map'!$F$1697:$J$1805, IF($Y$14="XBF-HO02A",'All data map'!$F$1806:$J$1866, IF($Y$14="XBF-HD02A",'All data map'!$F$1867:$J$1927,IF($Y$14="Header",'All data map'!$F$2063:$J$2075,))))))))))))))))))))))))))))))))),BD11,FALSE),"-") -> Input | AA11: =IFERROR(HLOOKUP(VLOOKUP((VLOOKUP($Y$10,$B$10:$C$22,2,FALSE)),'All data map'!$C$1:$J$3005,5,FALSE),IF($Y$14="XBE-DC08A",'All data map'!$F$1359:$J$1359, IF($Y$14="XBE-DC16A",'All data map'!$F$1360:$J$1360, IF($Y$14="XBE-DC16B",'All data map'!$F$1361:$J$1361, IF($Y$14="XBE-DC32A",'All data map'!$F$1362:$J$1362, IF($Y$14="XBE-AC08A",'All data map'!$F$1363:$J$1363, IF($Y$14="XBE-TN08A",'All data map'!$F$1364:$J$1364, IF($Y$14="XBE-TP08A",'All data map'!$F$1365:$J$1365, IF($Y$14="XBE-TN16A",'All data map'!$F$1366:$J$1366, IF($Y$14="XBE-TP16A",'All data map'!$F$1367:$J$1367, IF($Y$14="XBE-TN32A",'All data map'!$F$1368:$J$1368, IF($Y$14="XBE-TP32A",'All data map'!$F$1369:$J$1369, IF($Y$14="XBE-RY08A",'All data map'!$F$1370:$J$1370, IF($Y$14="XBE-RY08B",'All data map'!$F$1371:$J$1371, IF($Y$14="XBE-RY16A",'All data map'!$F$1372:$J$1372, IF($Y$14="XBE-DR16A",'All data map'!$F$1373:$J$1374, IF($Y$14="XBE-DN32A",'All data map'!$F$1375:$J$1376, IF($Y$14="XBF-AD04A",'All data map'!$F$1377:$J$1387, IF($Y$14="XBF-AD08A",'All data map'!$F$1388:$J$1422, IF($Y$14="XBF-AD04C",'All data map'!$F$1423:$J$1453, IF($Y$14="XBF-DV04A",'All data map'!$F$1454:$J$1470, IF($Y$14="XBF-DC04A",'All data map'!$F$1471:$J$1487, IF($Y$14="XBF-DC04B",'All data map'!$F$1488:$J$1504, IF($Y$14="XBF-DV04C",'All data map'!$F$1505:$J$1525, IF($Y$14="XBF-DC04C",'All data map'!$F$1526:$J$1550, IF($Y$14="XBF-AH04A",'All data map'!$F$1551:$J$1570, IF($Y$14="XBF-RD04A",'All data map'!$F$1571:$J$1590, IF($Y$14="XBF-RD01A",'All data map'!$F$1591:$J$1604, IF($Y$14="XBF-TC04B",'All data map'!$F$1605:$J$1650, IF($Y$14="XBF-TC04S",'All data map'!$F$1651:$J$1696, IF($Y$14="XBF-LD02S",'All data map'!$F$1697:$J$1805, IF($Y$14="XBF-HO02A",'All data map'!$F$1806:$J$1866, IF($Y$14="XBF-HD02A",'All data map'!$F$1867:$J$1927,IF($Y$14="Header",'All data map'!$F$2063:$H$2075,0))))))))))))))))))))))))))))))))),BE11,FALSE),"-") -> XBF-TC04B_CH1_ADJERR | AB11: =IFERROR(HLOOKUP(VLOOKUP((VLOOKUP($Y$10,$B$10:$C$22,2,FALSE)),'All data map'!$C$1:$J$3005,6,FALSE),IF($Y$14="XBE-DC08A",'All data map'!$F$1359:$J$1359, IF($Y$14="XBE-DC16A",'All data map'!$F$1360:$J$1360, IF($Y$14="XBE-DC16B",'All data map'!$F$1361:$J$1361, IF($Y$14="XBE-DC32A",'All data map'!$F$1362:$J$1362, IF($Y$14="XBE-AC08A",'All data map'!$F$1363:$J$1363, IF($Y$14="XBE-TN08A",'All data map'!$F$1364:$J$1364, IF($Y$14="XBE-TP08A",'All data map'!$F$1365:$J$1365, IF($Y$14="XBE-TN16A",'All data map'!$F$1366:$J$1366, IF($Y$14="XBE-TP16A",'All data map'!$F$1367:$J$1367, IF($Y$14="XBE-TN32A",'All data map'!$F$1368:$J$1368, IF($Y$14="XBE-TP32A",'All data map'!$F$1369:$J$1369, IF($Y$14="XBE-RY08A",'All data map'!$F$1370:$J$1370, IF($Y$14="XBE-RY08B",'All data map'!$F$1371:$J$1371, IF($Y$14="XBE-RY16A",'All data map'!$F$1372:$J$1372, IF($Y$14="XBE-DR16A",'All data map'!$F$1373:$J$1374, IF($Y$14="XBE-DN32A",'All data map'!$F$1375:$J$1376, IF($Y$14="XBF-AD04A",'All data map'!$F$1377:$J$1387, IF($Y$14="XBF-AD08A",'All data map'!$F$1388:$J$1422, IF($Y$14="XBF-AD04C",'All data map'!$F$1423:$J$1453, IF($Y$14="XBF-DV04A",'All data map'!$F$1454:$J$1470, IF($Y$14="XBF-DC04A",'All data map'!$F$1471:$J$1487, IF($Y$14="XBF-DC04B",'All data map'!$F$1488:$J$1504, IF($Y$14="XBF-DV04C",'All data map'!$F$1505:$J$1525, IF($Y$14="XBF-DC04C",'All data map'!$F$1526:$J$1550, IF($Y$14="XBF-AH04A",'All data map'!$F$1551:$J$1570, IF($Y$14="XBF-RD04A",'All data map'!$F$1571:$J$1590, IF($Y$14="XBF-RD01A",'All data map'!$F$1591:$J$1604, IF($Y$14="XBF-TC04B",'All data map'!$F$1605:$J$1650, IF($Y$14="XBF-TC04S",'All data map'!$F$1651:$J$1696, IF($Y$14="XBF-LD02S",'All data map'!$F$1697:$J$1805, IF($Y$14="XBF-HO02A",'All data map'!$F$1806:$J$1866, IF($Y$14="XBF-HD02A",'All data map'!$F$1867:$J$1927,IF($Y$14="Header",'All data map'!$F$2063:$J$2075,))))))))))))))))))))))))))))))))),BF11,FALSE),"-") -> BIT | AC11: =IFERROR(HLOOKUP(VLOOKUP((VLOOKUP($Y$10,$B$10:$C$22,2,FALSE)),'All data map'!$C$1:$J$3005,7,FALSE),IF($Y$14="XBE-DC08A",'All data map'!$F$1359:$J$1359, IF($Y$14="XBE-DC16A",'All data map'!$F$1360:$J$1360, IF($Y$14="XBE-DC16B",'All data map'!$F$1361:$J$1361, IF($Y$14="XBE-DC32A",'All data map'!$F$1362:$J$1362, IF($Y$14="XBE-AC08A",'All data map'!$F$1363:$J$1363, IF($Y$14="XBE-TN08A",'All data map'!$F$1364:$J$1364, IF($Y$14="XBE-TP08A",'All data map'!$F$1365:$J$1365, IF($Y$14="XBE-TN16A",'All data map'!$F$1366:$J$1366, IF($Y$14="XBE-TP16A",'All data map'!$F$1367:$J$1367, IF($Y$14="XBE-TN32A",'All data map'!$F$1368:$J$1368, IF($Y$14="XBE-TP32A",'All data map'!$F$1369:$J$1369, IF($Y$14="XBE-RY08A",'All data map'!$F$1370:$J$1370, IF($Y$14="XBE-RY08B",'All data map'!$F$1371:$J$1371, IF($Y$14="XBE-RY16A",'All data map'!$F$1372:$J$1372, IF($Y$14="XBE-DR16A",'All data map'!$F$1373:$J$1374, IF($Y$14="XBE-DN32A",'All data map'!$F$1375:$J$1376, IF($Y$14="XBF-AD04A",'All data map'!$F$1377:$J$1387, IF($Y$14="XBF-AD08A",'All data map'!$F$1388:$J$1422, IF($Y$14="XBF-AD04C",'All data map'!$F$1423:$J$1453, IF($Y$14="XBF-DV04A",'All data map'!$F$1454:$J$1470, IF($Y$14="XBF-DC04A",'All data map'!$F$1471:$J$1487, IF($Y$14="XBF-DC04B",'All data map'!$F$1488:$J$1504, IF($Y$14="XBF-DV04C",'All data map'!$F$1505:$J$1525, IF($Y$14="XBF-DC04C",'All data map'!$F$1526:$J$1550, IF($Y$14="XBF-AH04A",'All data map'!$F$1551:$J$1570, IF($Y$14="XBF-RD04A",'All data map'!$F$1571:$J$1590, IF($Y$14="XBF-RD01A",'All data map'!$F$1591:$J$1604, IF($Y$14="XBF-TC04B",'All data map'!$F$1605:$J$1650, IF($Y$14="XBF-TC04S",'All data map'!$F$1651:$J$1696, IF($Y$14="XBF-LD02S",'All data map'!$F$1697:$J$1805, IF($Y$14="XBF-HO02A",'All data map'!$F$1806:$J$1866, IF($Y$14="XBF-HD02A",'All data map'!$F$1867:$J$1927,IF($Y$14="Header",'All data map'!$F$2063:$J$2075,))))))))))))))))))))))))))))))))),BG11,FALSE),"-") -> 0.1 | AD11: =IFERROR(HLOOKUP(VLOOKUP((VLOOKUP($Y$10,$B$10:$C$22,2,FALSE)),'All data map'!$C$1:$J$3005,8,FALSE),IF($Y$14="XBE-DC08A",'All data map'!$F$1359:$J$1359, IF($Y$14="XBE-DC16A",'All data map'!$F$1360:$J$1360, IF($Y$14="XBE-DC16B",'All data map'!$F$1361:$J$1361, IF($Y$14="XBE-DC32A",'All data map'!$F$1362:$J$1362, IF($Y$14="XBE-AC08A",'All data map'!$F$1363:$J$1363, IF($Y$14="XBE-TN08A",'All data map'!$F$1364:$J$1364, IF($Y$14="XBE-TP08A",'All data map'!$F$1365:$J$1365, IF($Y$14="XBE-TN16A",'All data map'!$F$1366:$J$1366, IF($Y$14="XBE-TP16A",'All data map'!$F$1367:$J$1367, IF($Y$14="XBE-TN32A",'All data map'!$F$1368:$J$1368, IF($Y$14="XBE-TP32A",'All data map'!$F$1369:$J$1369, IF($Y$14="XBE-RY08A",'All data map'!$F$1370:$J$1370, IF($Y$14="XBE-RY08B",'All data map'!$F$1371:$J$1371, IF($Y$14="XBE-RY16A",'All data map'!$F$1372:$J$1372, IF($Y$14="XBE-DR16A",'All data map'!$F$1373:$J$1374, IF($Y$14="XBE-DN32A",'All data map'!$F$1375:$J$1376, IF($Y$14="XBF-AD04A",'All data map'!$F$1377:$J$1387, IF($Y$14="XBF-AD08A",'All data map'!$F$1388:$J$1422, IF($Y$14="XBF-AD04C",'All data map'!$F$1423:$J$1453, IF($Y$14="XBF-DV04A",'All data map'!$F$1454:$J$1470, IF($Y$14="XBF-DC04A",'All data map'!$F$1471:$J$1487, IF($Y$14="XBF-DC04B",'All data map'!$F$1488:$J$1504, IF($Y$14="XBF-DV04C",'All data map'!$F$1505:$J$1525, IF($Y$14="XBF-DC04C",'All data map'!$F$1526:$J$1550, IF($Y$14="XBF-AH04A",'All data map'!$F$1551:$J$1570, IF($Y$14="XBF-RD04A",'All data map'!$F$1571:$J$1590, IF($Y$14="XBF-RD01A",'All data map'!$F$1591:$J$1604, IF($Y$14="XBF-TC04B",'All data map'!$F$1605:$J$1650, IF($Y$14="XBF-TC04S",'All data map'!$F$1651:$J$1696, IF($Y$14="XBF-LD02S",'All data map'!$F$1697:$J$1805, IF($Y$14="XBF-HO02A",'All data map'!$F$1806:$J$1866, IF($Y$14="XBF-HD02A",'All data map'!$F$1867:$J$1927,IF($Y$14="Header",'All data map'!$F$2063:$J$2075,))))))))))))))))))))))))))))))))),BH11,FALSE),"-") -> Temperature input module : Channel 1 offset/gain error flag | BB11: 2 | BC11: 2 | BD11: 2 | BE11: 2 | BF11: 2 | BG11: 2 | BH11: 2 | BI11: 2 | BJ11: 2 | BK11: 2 | BL11: 2 | BM11: 2 | BN11: 2 | BO11: 2 | BP11: 2 | BQ11: 2 | BR11: 2
B12: 1 | C12: XBF-DV04A | D12: =IFERROR(VLOOKUP(C12,'refresh size'!C:E,2,FALSE),0) -> 4 | E12: =IFERROR(VLOOKUP(C12,'refresh size'!C:E,3,FALSE),0) -> 10 | F12: =IF(LEN(C12)>0,IF(D12>0,MAX(F$10:F11)+D12,"-"),"-") -> 10 | G12: =IF(LEN(C12)>0,IF(E12>0,MAX(G$10:G11)+E12,0),0) -> 12 | H12: =B12*8 -> 8 | I12: =B12*8 -> 8 | J12: =B12*64 -> 64 | K12: =IFERROR(F12-D12,0) -> 6 | L12: =IFERROR(G12-E12,0) -> 2 | M12: =$M$9 -> MW | N12: =IF(D12,IF(D12,$N$9+(K12/2),0),"-") -> 3 | O12: =$M$9 -> MW | P12: =IF(E12,IF(E12,$P$9+(L12/2),0),"-") -> 101 | Q12: =IF(D12<>0,"H302"&TEXT(DEC2HEX(K12/2,2),"00"),0) -> H30203 | R12: =D12/2 -> 2 | S12: =IF(E12<>0,"H402"&TEXT(DEC2HEX(L12/2,2),"00"),0) -> H40201 | T12: =E12/2 -> 5 | U12: =IF(D12<>0,"305"&TEXT(K12/2+12+$V$5,"00"),0) -> 30515 | V12: =D12/2 -> 2 | W12: =IF(E12<>0,"405"&TEXT(L12/2+12+$V$5,"00"),0) -> 40513 | X12: =E12/2 -> 5 | Z12: =IFERROR(HLOOKUP(VLOOKUP((VLOOKUP($Y$10,$B$10:$C$22,2,FALSE)),'All data map'!$C$1:$J$3005,4,FALSE),IF($Y$14="XBE-DC08A",'All data map'!$F$1359:$J$1359, IF($Y$14="XBE-DC16A",'All data map'!$F$1360:$J$1360, IF($Y$14="XBE-DC16B",'All data map'!$F$1361:$J$1361, IF($Y$14="XBE-DC32A",'All data map'!$F$1362:$J$1362, IF($Y$14="XBE-AC08A",'All data map'!$F$1363:$J$1363, IF($Y$14="XBE-TN08A",'All data map'!$F$1364:$J$1364, IF($Y$14="XBE-TP08A",'All data map'!$F$1365:$J$1365, IF($Y$14="XBE-TN16A",'All data map'!$F$1366:$J$1366, IF($Y$14="XBE-TP16A",'All data map'!$F$1367:$J$1367, IF($Y$14="XBE-TN32A",'All data map'!$F$1368:$J$1368, IF($Y$14="XBE-TP32A",'All data map'!$F$1369:$J$1369, IF($Y$14="XBE-RY08A",'All data map'!$F$1370:$J$1370, IF($Y$14="XBE-RY08B",'All data map'!$F$1371:$J$1371, IF($Y$14="XBE-RY16A",'All data map'!$F$1372:$J$1372, IF($Y$14="XBE-DR16A",'All data map'!$F$1373:$J$1374, IF($Y$14="XBE-DN32A",'All data map'!$F$1375:$J$1376, IF($Y$14="XBF-AD04A",'All data map'!$F$1377:$J$1387, IF($Y$14="XBF-AD08A",'All data map'!$F$1388:$J$1422, IF($Y$14="XBF-AD04C",'All data map'!$F$1423:$J$1453, IF($Y$14="XBF-DV04A",'All data map'!$F$1454:$J$1470, IF($Y$14="XBF-DC04A",'All data map'!$F$1471:$J$1487, IF($Y$14="XBF-DC04B",'All data map'!$F$1488:$J$1504, IF($Y$14="XBF-DV04C",'All data map'!$F$1505:$J$1525, IF($Y$14="XBF-DC04C",'All data map'!$F$1526:$J$1550, IF($Y$14="XBF-AH04A",'All data map'!$F$1551:$J$1570, IF($Y$14="XBF-RD04A",'All data map'!$F$1571:$J$1590, IF($Y$14="XBF-RD01A",'All data map'!$F$1591:$J$1604, IF($Y$14="XBF-TC04B",'All data map'!$F$1605:$J$1650, IF($Y$14="XBF-TC04S",'All data map'!$F$1651:$J$1696, IF($Y$14="XBF-LD02S",'All data map'!$F$1697:$J$1805, IF($Y$14="XBF-HO02A",'All data map'!$F$1806:$J$1866, IF($Y$14="XBF-HD02A",'All data map'!$F$1867:$J$1927,IF($Y$14="Header",'All data map'!$F$2063:$J$2075,))))))))))))))))))))))))))))))))),BD12,FALSE),"-") -> Input | AA12: =IFERROR(HLOOKUP(VLOOKUP((VLOOKUP($Y$10,$B$10:$C$22,2,FALSE)),'All data map'!$C$1:$J$3005,5,FALSE),IF($Y$14="XBE-DC08A",'All data map'!$F$1359:$J$1359, IF($Y$14="XBE-DC16A",'All data map'!$F$1360:$J$1360, IF($Y$14="XBE-DC16B",'All data map'!$F$1361:$J$1361, IF($Y$14="XBE-DC32A",'All data map'!$F$1362:$J$1362, IF($Y$14="XBE-AC08A",'All data map'!$F$1363:$J$1363, IF($Y$14="XBE-TN08A",'All data map'!$F$1364:$J$1364, IF($Y$14="XBE-TP08A",'All data map'!$F$1365:$J$1365, IF($Y$14="XBE-TN16A",'All data map'!$F$1366:$J$1366, IF($Y$14="XBE-TP16A",'All data map'!$F$1367:$J$1367, IF($Y$14="XBE-TN32A",'All data map'!$F$1368:$J$1368, IF($Y$14="XBE-TP32A",'All data map'!$F$1369:$J$1369, IF($Y$14="XBE-RY08A",'All data map'!$F$1370:$J$1370, IF($Y$14="XBE-RY08B",'All data map'!$F$1371:$J$1371, IF($Y$14="XBE-RY16A",'All data map'!$F$1372:$J$1372, IF($Y$14="XBE-DR16A",'All data map'!$F$1373:$J$1374, IF($Y$14="XBE-DN32A",'All data map'!$F$1375:$J$1376, IF($Y$14="XBF-AD04A",'All data map'!$F$1377:$J$1387, IF($Y$14="XBF-AD08A",'All data map'!$F$1388:$J$1422, IF($Y$14="XBF-AD04C",'All data map'!$F$1423:$J$1453, IF($Y$14="XBF-DV04A",'All data map'!$F$1454:$J$1470, IF($Y$14="XBF-DC04A",'All data map'!$F$1471:$J$1487, IF($Y$14="XBF-DC04B",'All data map'!$F$1488:$J$1504, IF($Y$14="XBF-DV04C",'All data map'!$F$1505:$J$1525, IF($Y$14="XBF-DC04C",'All data map'!$F$1526:$J$1550, IF($Y$14="XBF-AH04A",'All data map'!$F$1551:$J$1570, IF($Y$14="XBF-RD04A",'All data map'!$F$1571:$J$1590, IF($Y$14="XBF-RD01A",'All data map'!$F$1591:$J$1604, IF($Y$14="XBF-TC04B",'All data map'!$F$1605:$J$1650, IF($Y$14="XBF-TC04S",'All data map'!$F$1651:$J$1696, IF($Y$14="XBF-LD02S",'All data map'!$F$1697:$J$1805, IF($Y$14="XBF-HO02A",'All data map'!$F$1806:$J$1866, IF($Y$14="XBF-HD02A",'All data map'!$F$1867:$J$1927,IF($Y$14="Header",'All data map'!$F$2063:$H$2075,0))))))))))))))))))))))))))))))))),BE12,FALSE),"-") -> XBF-TC04B_CH2_ADJERR | AB12: =IFERROR(HLOOKUP(VLOOKUP((VLOOKUP($Y$10,$B$10:$C$22,2,FALSE)),'All data map'!$C$1:$J$3005,6,FALSE),IF($Y$14="XBE-DC08A",'All data map'!$F$1359:$J$1359, IF($Y$14="XBE-DC16A",'All data map'!$F$1360:$J$1360, IF($Y$14="XBE-DC16B",'All data map'!$F$1361:$J$1361, IF($Y$14="XBE-DC32A",'All data map'!$F$1362:$J$1362, IF($Y$14="XBE-AC08A",'All data map'!$F$1363:$J$1363, IF($Y$14="XBE-TN08A",'All data map'!$F$1364:$J$1364, IF($Y$14="XBE-TP08A",'All data map'!$F$1365:$J$1365, IF($Y$14="XBE-TN16A",'All data map'!$F$1366:$J$1366, IF($Y$14="XBE-TP16A",'All data map'!$F$1367:$J$1367, IF($Y$14="XBE-TN32A",'All data map'!$F$1368:$J$1368, IF($Y$14="XBE-TP32A",'All data map'!$F$1369:$J$1369, IF($Y$14="XBE-RY08A",'All data map'!$F$1370:$J$1370, IF($Y$14="XBE-RY08B",'All data map'!$F$1371:$J$1371, IF($Y$14="XBE-RY16A",'All data map'!$F$1372:$J$1372, IF($Y$14="XBE-DR16A",'All data map'!$F$1373:$J$1374, IF($Y$14="XBE-DN32A",'All data map'!$F$1375:$J$1376, IF($Y$14="XBF-AD04A",'All data map'!$F$1377:$J$1387, IF($Y$14="XBF-AD08A",'All data map'!$F$1388:$J$1422, IF($Y$14="XBF-AD04C",'All data map'!$F$1423:$J$1453, IF($Y$14="XBF-DV04A",'All data map'!$F$1454:$J$1470, IF($Y$14="XBF-DC04A",'All data map'!$F$1471:$J$1487, IF($Y$14="XBF-DC04B",'All data map'!$F$1488:$J$1504, IF($Y$14="XBF-DV04C",'All data map'!$F$1505:$J$1525, IF($Y$14="XBF-DC04C",'All data map'!$F$1526:$J$1550, IF($Y$14="XBF-AH04A",'All data map'!$F$1551:$J$1570, IF($Y$14="XBF-RD04A",'All data map'!$F$1571:$J$1590, IF($Y$14="XBF-RD01A",'All data map'!$F$1591:$J$1604, IF($Y$14="XBF-TC04B",'All data map'!$F$1605:$J$1650, IF($Y$14="XBF-TC04S",'All data map'!$F$1651:$J$1696, IF($Y$14="XBF-LD02S",'All data map'!$F$1697:$J$1805, IF($Y$14="XBF-HO02A",'All data map'!$F$1806:$J$1866, IF($Y$14="XBF-HD02A",'All data map'!$F$1867:$J$1927,IF($Y$14="Header",'All data map'!$F$2063:$J$2075,))))))))))))))))))))))))))))))))),BF12,FALSE),"-") -> BIT | AC12: =IFERROR(HLOOKUP(VLOOKUP((VLOOKUP($Y$10,$B$10:$C$22,2,FALSE)),'All data map'!$C$1:$J$3005,7,FALSE),IF($Y$14="XBE-DC08A",'All data map'!$F$1359:$J$1359, IF($Y$14="XBE-DC16A",'All data map'!$F$1360:$J$1360, IF($Y$14="XBE-DC16B",'All data map'!$F$1361:$J$1361, IF($Y$14="XBE-DC32A",'All data map'!$F$1362:$J$1362, IF($Y$14="XBE-AC08A",'All data map'!$F$1363:$J$1363, IF($Y$14="XBE-TN08A",'All data map'!$F$1364:$J$1364, IF($Y$14="XBE-TP08A",'All data map'!$F$1365:$J$1365, IF($Y$14="XBE-TN16A",'All data map'!$F$1366:$J$1366, IF($Y$14="XBE-TP16A",'All data map'!$F$1367:$J$1367, IF($Y$14="XBE-TN32A",'All data map'!$F$1368:$J$1368, IF($Y$14="XBE-TP32A",'All data map'!$F$1369:$J$1369, IF($Y$14="XBE-RY08A",'All data map'!$F$1370:$J$1370, IF($Y$14="XBE-RY08B",'All data map'!$F$1371:$J$1371, IF($Y$14="XBE-RY16A",'All data map'!$F$1372:$J$1372, IF($Y$14="XBE-DR16A",'All data map'!$F$1373:$J$1374, IF($Y$14="XBE-DN32A",'All data map'!$F$1375:$J$1376, IF($Y$14="XBF-AD04A",'All data map'!$F$1377:$J$1387, IF($Y$14="XBF-AD08A",'All data map'!$F$1388:$J$1422, IF($Y$14="XBF-AD04C",'All data map'!$F$1423:$J$1453, IF($Y$14="XBF-DV04A",'All data map'!$F$1454:$J$1470, IF($Y$14="XBF-DC04A",'All data map'!$F$1471:$J$1487, IF($Y$14="XBF-DC04B",'All data map'!$F$1488:$J$1504, IF($Y$14="XBF-DV04C",'All data map'!$F$1505:$J$1525, IF($Y$14="XBF-DC04C",'All data map'!$F$1526:$J$1550, IF($Y$14="XBF-AH04A",'All data map'!$F$1551:$J$1570, IF($Y$14="XBF-RD04A",'All data map'!$F$1571:$J$1590, IF($Y$14="XBF-RD01A",'All data map'!$F$1591:$J$1604, IF($Y$14="XBF-TC04B",'All data map'!$F$1605:$J$1650, IF($Y$14="XBF-TC04S",'All data map'!$F$1651:$J$1696, IF($Y$14="XBF-LD02S",'All data map'!$F$1697:$J$1805, IF($Y$14="XBF-HO02A",'All data map'!$F$1806:$J$1866, IF($Y$14="XBF-HD02A",'All data map'!$F$1867:$J$1927,IF($Y$14="Header",'All data map'!$F$2063:$J$2075,))))))))))))))))))))))))))))))))),BG12,FALSE),"-") -> 0.2 | AD12: =IFERROR(HLOOKUP(VLOOKUP((VLOOKUP($Y$10,$B$10:$C$22,2,FALSE)),'All data map'!$C$1:$J$3005,8,FALSE),IF($Y$14="XBE-DC08A",'All data map'!$F$1359:$J$1359, IF($Y$14="XBE-DC16A",'All data map'!$F$1360:$J$1360, IF($Y$14="XBE-DC16B",'All data map'!$F$1361:$J$1361, IF($Y$14="XBE-DC32A",'All data map'!$F$1362:$J$1362, IF($Y$14="XBE-AC08A",'All data map'!$F$1363:$J$1363, IF($Y$14="XBE-TN08A",'All data map'!$F$1364:$J$1364, IF($Y$14="XBE-TP08A",'All data map'!$F$1365:$J$1365, IF($Y$14="XBE-TN16A",'All data map'!$F$1366:$J$1366, IF($Y$14="XBE-TP16A",'All data map'!$F$1367:$J$1367, IF($Y$14="XBE-TN32A",'All data map'!$F$1368:$J$1368, IF($Y$14="XBE-TP32A",'All data map'!$F$1369:$J$1369, IF($Y$14="XBE-RY08A",'All data map'!$F$1370:$J$1370, IF($Y$14="XBE-RY08B",'All data map'!$F$1371:$J$1371, IF($Y$14="XBE-RY16A",'All data map'!$F$1372:$J$1372, IF($Y$14="XBE-DR16A",'All data map'!$F$1373:$J$1374, IF($Y$14="XBE-DN32A",'All data map'!$F$1375:$J$1376, IF($Y$14="XBF-AD04A",'All data map'!$F$1377:$J$1387, IF($Y$14="XBF-AD08A",'All data map'!$F$1388:$J$1422, IF($Y$14="XBF-AD04C",'All data map'!$F$1423:$J$1453, IF($Y$14="XBF-DV04A",'All data map'!$F$1454:$J$1470, IF($Y$14="XBF-DC04A",'All data map'!$F$1471:$J$1487, IF($Y$14="XBF-DC04B",'All data map'!$F$1488:$J$1504, IF($Y$14="XBF-DV04C",'All data map'!$F$1505:$J$1525, IF($Y$14="XBF-DC04C",'All data map'!$F$1526:$J$1550, IF($Y$14="XBF-AH04A",'All data map'!$F$1551:$J$1570, IF($Y$14="XBF-RD04A",'All data map'!$F$1571:$J$1590, IF($Y$14="XBF-RD01A",'All data map'!$F$1591:$J$1604, IF($Y$14="XBF-TC04B",'All data map'!$F$1605:$J$1650, IF($Y$14="XBF-TC04S",'All data map'!$F$1651:$J$1696, IF($Y$14="XBF-LD02S",'All data map'!$F$1697:$J$1805, IF($Y$14="XBF-HO02A",'All data map'!$F$1806:$J$1866, IF($Y$14="XBF-HD02A",'All data map'!$F$1867:$J$1927,IF($Y$14="Header",'All data map'!$F$2063:$J$2075,))))))))))))))))))))))))))))))))),BH12,FALSE),"-") -> Temperature input module : Channel 2 offset/gain error flag | BB12: 3 | BC12: 3 | BD12: 3 | BE12: 3 | BF12: 3 | BG12: 3 | BH12: 3 | BI12: 3 | BJ12: 3 | BK12: 3 | BL12: 3 | BM12: 3 | BN12: 3 | BO12: 3 | BP12: 3 | BQ12: 3 | BR12: 3
B13: 2 | C13: XBF-AH04A | D13: =IFERROR(VLOOKUP(C13,'refresh size'!C:E,2,FALSE),0) -> 12 | E13: =IFERROR(VLOOKUP(C13,'refresh size'!C:E,3,FALSE),0) -> 6 | F13: =IF(LEN(C13)>0,IF(D13>0,MAX(F$10:F12)+D13,"-"),"-") -> 22 | G13: =IF(LEN(C13)>0,IF(E13>0,MAX(G$10:G12)+E13,0),0) -> 18 | H13: =B13*8 -> 16 | I13: =B13*8 -> 16 | J13: =B13*64 -> 128 | K13: =IFERROR(F13-D13,0) -> 10 | L13: =IFERROR(G13-E13,0) -> 12 | M13: =$M$9 -> MW | N13: =IF(D13,IF(D13,$N$9+(K13/2),0),"-") -> 5 | O13: =$M$9 -> MW | P13: =IF(E13,IF(E13,$P$9+(L13/2),0),"-") -> 106 | Q13: =IF(D13<>0,"H302"&TEXT(DEC2HEX(K13/2,2),"00"),0) -> H30205 | R13: =D13/2 -> 6 | S13: =IF(E13<>0,"H402"&TEXT(DEC2HEX(L13/2,2),"00"),0) -> H40206 | T13: =E13/2 -> 3 | U13: =IF(D13<>0,"305"&TEXT(K13/2+12+$V$5,"00"),0) -> 30517 | V13: =D13/2 -> 6 | W13: =IF(E13<>0,"405"&TEXT(L13/2+12+$V$5,"00"),0) -> 40518 | X13: =E13/2 -> 3 | Y13: Product Name | Z13: =IFERROR(HLOOKUP(VLOOKUP((VLOOKUP($Y$10,$B$10:$C$22,2,FALSE)),'All data map'!$C$1:$J$3005,4,FALSE),IF($Y$14="XBE-DC08A",'All data map'!$F$1359:$J$1359, IF($Y$14="XBE-DC16A",'All data map'!$F$1360:$J$1360, IF($Y$14="XBE-DC16B",'All data map'!$F$1361:$J$1361, IF($Y$14="XBE-DC32A",'All data map'!$F$1362:$J$1362, IF($Y$14="XBE-AC08A",'All data map'!$F$1363:$J$1363, IF($Y$14="XBE-TN08A",'All data map'!$F$1364:$J$1364, IF($Y$14="XBE-TP08A",'All data map'!$F$1365:$J$1365, IF($Y$14="XBE-TN16A",'All data map'!$F$1366:$J$1366, IF($Y$14="XBE-TP16A",'All data map'!$F$1367:$J$1367, IF($Y$14="XBE-TN32A",'All data map'!$F$1368:$J$1368, IF($Y$14="XBE-TP32A",'All data map'!$F$1369:$J$1369, IF($Y$14="XBE-RY08A",'All data map'!$F$1370:$J$1370, IF($Y$14="XBE-RY08B",'All data map'!$F$1371:$J$1371, IF($Y$14="XBE-RY16A",'All data map'!$F$1372:$J$1372, IF($Y$14="XBE-DR16A",'All data map'!$F$1373:$J$1374, IF($Y$14="XBE-DN32A",'All data map'!$F$1375:$J$1376, IF($Y$14="XBF-AD04A",'All data map'!$F$1377:$J$1387, IF($Y$14="XBF-AD08A",'All data map'!$F$1388:$J$1422, IF($Y$14="XBF-AD04C",'All data map'!$F$1423:$J$1453, IF($Y$14="XBF-DV04A",'All data map'!$F$1454:$J$1470, IF($Y$14="XBF-DC04A",'All data map'!$F$1471:$J$1487, IF($Y$14="XBF-DC04B",'All data map'!$F$1488:$J$1504, IF($Y$14="XBF-DV04C",'All data map'!$F$1505:$J$1525, IF($Y$14="XBF-DC04C",'All data map'!$F$1526:$J$1550, IF($Y$14="XBF-AH04A",'All data map'!$F$1551:$J$1570, IF($Y$14="XBF-RD04A",'All data map'!$F$1571:$J$1590, IF($Y$14="XBF-RD01A",'All data map'!$F$1591:$J$1604, IF($Y$14="XBF-TC04B",'All data map'!$F$1605:$J$1650, IF($Y$14="XBF-TC04S",'All data map'!$F$1651:$J$1696, IF($Y$14="XBF-LD02S",'All data map'!$F$1697:$J$1805, IF($Y$14="XBF-HO02A",'All data map'!$F$1806:$J$1866, IF($Y$14="XBF-HD02A",'All data map'!$F$1867:$J$1927,IF($Y$14="Header",'All data map'!$F$2063:$J$2075,))))))))))))))))))))))))))))))))),BD13,FALSE),"-") -> Input | AA13: =IFERROR(HLOOKUP(VLOOKUP((VLOOKUP($Y$10,$B$10:$C$22,2,FALSE)),'All data map'!$C$1:$J$3005,5,FALSE),IF($Y$14="XBE-DC08A",'All data map'!$F$1359:$J$1359, IF($Y$14="XBE-DC16A",'All data map'!$F$1360:$J$1360, IF($Y$14="XBE-DC16B",'All data map'!$F$1361:$J$1361, IF($Y$14="XBE-DC32A",'All data map'!$F$1362:$J$1362, IF($Y$14="XBE-AC08A",'All data map'!$F$1363:$J$1363, IF($Y$14="XBE-TN08A",'All data map'!$F$1364:$J$1364, IF($Y$14="XBE-TP08A",'All data map'!$F$1365:$J$1365, IF($Y$14="XBE-TN16A",'All data map'!$F$1366:$J$1366, IF($Y$14="XBE-TP16A",'All data map'!$F$1367:$J$1367, IF($Y$14="XBE-TN32A",'All data map'!$F$1368:$J$1368, IF($Y$14="XBE-TP32A",'All data map'!$F$1369:$J$1369, IF($Y$14="XBE-RY08A",'All data map'!$F$1370:$J$1370, IF($Y$14="XBE-RY08B",'All data map'!$F$1371:$J$1371, IF($Y$14="XBE-RY16A",'All data map'!$F$1372:$J$1372, IF($Y$14="XBE-DR16A",'All data map'!$F$1373:$J$1374, IF($Y$14="XBE-DN32A",'All data map'!$F$1375:$J$1376, IF($Y$14="XBF-AD04A",'All data map'!$F$1377:$J$1387, IF($Y$14="XBF-AD08A",'All data map'!$F$1388:$J$1422, IF($Y$14="XBF-AD04C",'All data map'!$F$1423:$J$1453, IF($Y$14="XBF-DV04A",'All data map'!$F$1454:$J$1470, IF($Y$14="XBF-DC04A",'All data map'!$F$1471:$J$1487, IF($Y$14="XBF-DC04B",'All data map'!$F$1488:$J$1504, IF($Y$14="XBF-DV04C",'All data map'!$F$1505:$J$1525, IF($Y$14="XBF-DC04C",'All data map'!$F$1526:$J$1550, IF($Y$14="XBF-AH04A",'All data map'!$F$1551:$J$1570, IF($Y$14="XBF-RD04A",'All data map'!$F$1571:$J$1590, IF($Y$14="XBF-RD01A",'All data map'!$F$1591:$J$1604, IF($Y$14="XBF-TC04B",'All data map'!$F$1605:$J$1650, IF($Y$14="XBF-TC04S",'All data map'!$F$1651:$J$1696, IF($Y$14="XBF-LD02S",'All data map'!$F$1697:$J$1805, IF($Y$14="XBF-HO02A",'All data map'!$F$1806:$J$1866, IF($Y$14="XBF-HD02A",'All data map'!$F$1867:$J$1927,IF($Y$14="Header",'All data map'!$F$2063:$H$2075,0))))))))))))))))))))))))))))))))),BE13,FALSE),"-") -> XBF-TC04B_CH3_ADJERR | AB13: =IFERROR(HLOOKUP(VLOOKUP((VLOOKUP($Y$10,$B$10:$C$22,2,FALSE)),'All data map'!$C$1:$J$3005,6,FALSE),IF($Y$14="XBE-DC08A",'All data map'!$F$1359:$J$1359, IF($Y$14="XBE-DC16A",'All data map'!$F$1360:$J$1360, IF($Y$14="XBE-DC16B",'All data map'!$F$1361:$J$1361, IF($Y$14="XBE-DC32A",'All data map'!$F$1362:$J$1362, IF($Y$14="XBE-AC08A",'All data map'!$F$1363:$J$1363, IF($Y$14="XBE-TN08A",'All data map'!$F$1364:$J$1364, IF($Y$14="XBE-TP08A",'All data map'!$F$1365:$J$1365, IF($Y$14="XBE-TN16A",'All data map'!$F$1366:$J$1366, IF($Y$14="XBE-TP16A",'All data map'!$F$1367:$J$1367, IF($Y$14="XBE-TN32A",'All data map'!$F$1368:$J$1368, IF($Y$14="XBE-TP32A",'All data map'!$F$1369:$J$1369, IF($Y$14="XBE-RY08A",'All data map'!$F$1370:$J$1370, IF($Y$14="XBE-RY08B",'All data map'!$F$1371:$J$1371, IF($Y$14="XBE-RY16A",'All data map'!$F$1372:$J$1372, IF($Y$14="XBE-DR16A",'All data map'!$F$1373:$J$1374, IF($Y$14="XBE-DN32A",'All data map'!$F$1375:$J$1376, IF($Y$14="XBF-AD04A",'All data map'!$F$1377:$J$1387, IF($Y$14="XBF-AD08A",'All data map'!$F$1388:$J$1422, IF($Y$14="XBF-AD04C",'All data map'!$F$1423:$J$1453, IF($Y$14="XBF-DV04A",'All data map'!$F$1454:$J$1470, IF($Y$14="XBF-DC04A",'All data map'!$F$1471:$J$1487, IF($Y$14="XBF-DC04B",'All data map'!$F$1488:$J$1504, IF($Y$14="XBF-DV04C",'All data map'!$F$1505:$J$1525, IF($Y$14="XBF-DC04C",'All data map'!$F$1526:$J$1550, IF($Y$14="XBF-AH04A",'All data map'!$F$1551:$J$1570, IF($Y$14="XBF-RD04A",'All data map'!$F$1571:$J$1590, IF($Y$14="XBF-RD01A",'All data map'!$F$1591:$J$1604, IF($Y$14="XBF-TC04B",'All data map'!$F$1605:$J$1650, IF($Y$14="XBF-TC04S",'All data map'!$F$1651:$J$1696, IF($Y$14="XBF-LD02S",'All data map'!$F$1697:$J$1805, IF($Y$14="XBF-HO02A",'All data map'!$F$1806:$J$1866, IF($Y$14="XBF-HD02A",'All data map'!$F$1867:$J$1927,IF($Y$14="Header",'All data map'!$F$2063:$J$2075,))))))))))))))))))))))))))))))))),BF13,FALSE),"-") -> BIT | AC13: =IFERROR(HLOOKUP(VLOOKUP((VLOOKUP($Y$10,$B$10:$C$22,2,FALSE)),'All data map'!$C$1:$J$3005,7,FALSE),IF($Y$14="XBE-DC08A",'All data map'!$F$1359:$J$1359, IF($Y$14="XBE-DC16A",'All data map'!$F$1360:$J$1360, IF($Y$14="XBE-DC16B",'All data map'!$F$1361:$J$1361, IF($Y$14="XBE-DC32A",'All data map'!$F$1362:$J$1362, IF($Y$14="XBE-AC08A",'All data map'!$F$1363:$J$1363, IF($Y$14="XBE-TN08A",'All data map'!$F$1364:$J$1364, IF($Y$14="XBE-TP08A",'All data map'!$F$1365:$J$1365, IF($Y$14="XBE-TN16A",'All data map'!$F$1366:$J$1366, IF($Y$14="XBE-TP16A",'All data map'!$F$1367:$J$1367, IF($Y$14="XBE-TN32A",'All data map'!$F$1368:$J$1368, IF($Y$14="XBE-TP32A",'All data map'!$F$1369:$J$1369, IF($Y$14="XBE-RY08A",'All data map'!$F$1370:$J$1370, IF($Y$14="XBE-RY08B",'All data map'!$F$1371:$J$1371, IF($Y$14="XBE-RY16A",'All data map'!$F$1372:$J$1372, IF($Y$14="XBE-DR16A",'All data map'!$F$1373:$J$1374, IF($Y$14="XBE-DN32A",'All data map'!$F$1375:$J$1376, IF($Y$14="XBF-AD04A",'All data map'!$F$1377:$J$1387, IF($Y$14="XBF-AD08A",'All data map'!$F$1388:$J$1422, IF($Y$14="XBF-AD04C",'All data map'!$F$1423:$J$1453, IF($Y$14="XBF-DV04A",'All data map'!$F$1454:$J$1470, IF($Y$14="XBF-DC04A",'All data map'!$F$1471:$J$1487, IF($Y$14="XBF-DC04B",'All data map'!$F$1488:$J$1504, IF($Y$14="XBF-DV04C",'All data map'!$F$1505:$J$1525, IF($Y$14="XBF-DC04C",'All data map'!$F$1526:$J$1550, IF($Y$14="XBF-AH04A",'All data map'!$F$1551:$J$1570, IF($Y$14="XBF-RD04A",'All data map'!$F$1571:$J$1590, IF($Y$14="XBF-RD01A",'All data map'!$F$1591:$J$1604, IF($Y$14="XBF-TC04B",'All data map'!$F$1605:$J$1650, IF($Y$14="XBF-TC04S",'All data map'!$F$1651:$J$1696, IF($Y$14="XBF-LD02S",'All data map'!$F$1697:$J$1805, IF($Y$14="XBF-HO02A",'All data map'!$F$1806:$J$1866, IF($Y$14="XBF-HD02A",'All data map'!$F$1867:$J$1927,IF($Y$14="Header",'All data map'!$F$2063:$J$2075,))))))))))))))))))))))))))))))))),BG13,FALSE),"-") -> 0.3 | AD13: =IFERROR(HLOOKUP(VLOOKUP((VLOOKUP($Y$10,$B$10:$C$22,2,FALSE)),'All data map'!$C$1:$J$3005,8,FALSE),IF($Y$14="XBE-DC08A",'All data map'!$F$1359:$J$1359, IF($Y$14="XBE-DC16A",'All data map'!$F$1360:$J$1360, IF($Y$14="XBE-DC16B",'All data map'!$F$1361:$J$1361, IF($Y$14="XBE-DC32A",'All data map'!$F$1362:$J$1362, IF($Y$14="XBE-AC08A",'All data map'!$F$1363:$J$1363, IF($Y$14="XBE-TN08A",'All data map'!$F$1364:$J$1364, IF($Y$14="XBE-TP08A",'All data map'!$F$1365:$J$1365, IF($Y$14="XBE-TN16A",'All data map'!$F$1366:$J$1366, IF($Y$14="XBE-TP16A",'All data map'!$F$1367:$J$1367, IF($Y$14="XBE-TN32A",'All data map'!$F$1368:$J$1368, IF($Y$14="XBE-TP32A",'All data map'!$F$1369:$J$1369, IF($Y$14="XBE-RY08A",'All data map'!$F$1370:$J$1370, IF($Y$14="XBE-RY08B",'All data map'!$F$1371:$J$1371, IF($Y$14="XBE-RY16A",'All data map'!$F$1372:$J$1372, IF($Y$14="XBE-DR16A",'All data map'!$F$1373:$J$1374, IF($Y$14="XBE-DN32A",'All data map'!$F$1375:$J$1376, IF($Y$14="XBF-AD04A",'All data map'!$F$1377:$J$1387, IF($Y$14="XBF-AD08A",'All data map'!$F$1388:$J$1422, IF($Y$14="XBF-AD04C",'All data map'!$F$1423:$J$1453, IF($Y$14="XBF-DV04A",'All data map'!$F$1454:$J$1470, IF($Y$14="XBF-DC04A",'All data map'!$F$1471:$J$1487, IF($Y$14="XBF-DC04B",'All data map'!$F$1488:$J$1504, IF($Y$14="XBF-DV04C",'All data map'!$F$1505:$J$1525, IF($Y$14="XBF-DC04C",'All data map'!$F$1526:$J$1550, IF($Y$14="XBF-AH04A",'All data map'!$F$1551:$J$1570, IF($Y$14="XBF-RD04A",'All data map'!$F$1571:$J$1590, IF($Y$14="XBF-RD01A",'All data map'!$F$1591:$J$1604, IF($Y$14="XBF-TC04B",'All data map'!$F$1605:$J$1650, IF($Y$14="XBF-TC04S",'All data map'!$F$1651:$J$1696, IF($Y$14="XBF-LD02S",'All data map'!$F$1697:$J$1805, IF($Y$14="XBF-HO02A",'All data map'!$F$1806:$J$1866, IF($Y$14="XBF-HD02A",'All data map'!$F$1867:$J$1927,IF($Y$14="Header",'All data map'!$F$2063:$J$2075,))))))))))))))))))))))))))))))))),BH13,FALSE),"-") -> Temperature input module : Channel 3 offset/gain error flag | BB13: 4 | BC13: 4 | BD13: 4 | BE13: 4 | BF13: 4 | BG13: 4 | BH13: 4 | BI13: 4 | BJ13: 4 | BK13: 4 | BL13: 4 | BM13: 4 | BN13: 4 | BO13: 4 | BP13: 4 | BQ13: 4 | BR13: 4
B14: 3 | C14: XBF-TC04B | D14: =IFERROR(VLOOKUP(C14,'refresh size'!C:E,2,FALSE),0) -> 40 | E14: =IFERROR(VLOOKUP(C14,'refresh size'!C:E,3,FALSE),0) -> 2 | F14: =IF(LEN(C14)>0,IF(D14>0,MAX(F$10:F13)+D14,"-"),"-") -> 62 | G14: =IF(LEN(C14)>0,IF(E14>0,MAX(G$10:G13)+E14,0),0) -> 20 | H14: =B14*8 -> 24 | I14: =B14*8 -> 24 | J14: =B14*64 -> 192 | K14: =IFERROR(F14-D14,0) -> 22 | L14: =IFERROR(G14-E14,0) -> 18 | M14: =$M$9 -> MW | N14: =IF(D14,IF(D14,$N$9+(K14/2),0),"-") -> 11 | O14: =$M$9 -> MW | P14: =IF(E14,IF(E14,$P$9+(L14/2),0),"-") -> 109 | Q14: =IF(D14<>0,"H302"&TEXT(DEC2HEX(K14/2,2),"00"),0) -> H3020B | R14: =D14/2 -> 20 | S14: =IF(E14<>0,"H402"&TEXT(DEC2HEX(L14/2,2),"00"),0) -> H40209 | T14: =E14/2 -> 1 | U14: =IF(D14<>0,"305"&TEXT(K14/2+12+$V$5,"00"),0) -> 30523 | V14: =D14/2 -> 20 | W14: =IF(E14<>0,"405"&TEXT(L14/2+12+$V$5,"00"),0) -> 40521 | X14: =E14/2 -> 1 | Y14: =IF(Y10="Header","Header",(VLOOKUP($Y$10,$B$10:$C$22,2,FALSE))) -> XBF-TC04B | Z14: =IFERROR(HLOOKUP(VLOOKUP((VLOOKUP($Y$10,$B$10:$C$22,2,FALSE)),'All data map'!$C$1:$J$3005,4,FALSE),IF($Y$14="XBE-DC08A",'All data map'!$F$1359:$J$1359, IF($Y$14="XBE-DC16A",'All data map'!$F$1360:$J$1360, IF($Y$14="XBE-DC16B",'All data map'!$F$1361:$J$1361, IF($Y$14="XBE-DC32A",'All data map'!$F$1362:$J$1362, IF($Y$14="XBE-AC08A",'All data map'!$F$1363:$J$1363, IF($Y$14="XBE-TN08A",'All data map'!$F$1364:$J$1364, IF($Y$14="XBE-TP08A",'All data map'!$F$1365:$J$1365, IF($Y$14="XBE-TN16A",'All data map'!$F$1366:$J$1366, IF($Y$14="XBE-TP16A",'All data map'!$F$1367:$J$1367, IF($Y$14="XBE-TN32A",'All data map'!$F$1368:$J$1368, IF($Y$14="XBE-TP32A",'All data map'!$F$1369:$J$1369, IF($Y$14="XBE-RY08A",'All data map'!$F$1370:$J$1370, IF($Y$14="XBE-RY08B",'All data map'!$F$1371:$J$1371, IF($Y$14="XBE-RY16A",'All data map'!$F$1372:$J$1372, IF($Y$14="XBE-DR16A",'All data map'!$F$1373:$J$1374, IF($Y$14="XBE-DN32A",'All data map'!$F$1375:$J$1376, IF($Y$14="XBF-AD04A",'All data map'!$F$1377:$J$1387, IF($Y$14="XBF-AD08A",'All data map'!$F$1388:$J$1422, IF($Y$14="XBF-AD04C",'All data map'!$F$1423:$J$1453, IF($Y$14="XBF-DV04A",'All data map'!$F$1454:$J$1470, IF($Y$14="XBF-DC04A",'All data map'!$F$1471:$J$1487, IF($Y$14="XBF-DC04B",'All data map'!$F$1488:$J$1504, IF($Y$14="XBF-DV04C",'All data map'!$F$1505:$J$1525, IF($Y$14="XBF-DC04C",'All data map'!$F$1526:$J$1550, IF($Y$14="XBF-AH04A",'All data map'!$F$1551:$J$1570, IF($Y$14="XBF-RD04A",'All data map'!$F$1571:$J$1590, IF($Y$14="XBF-RD01A",'All data map'!$F$1591:$J$1604, IF($Y$14="XBF-TC04B",'All data map'!$F$1605:$J$1650, IF($Y$14="XBF-TC04S",'All data map'!$F$1651:$J$1696, IF($Y$14="XBF-LD02S",'All data map'!$F$1697:$J$1805, IF($Y$14="XBF-HO02A",'All data map'!$F$1806:$J$1866, IF($Y$14="XBF-HD02A",'All data map'!$F$1867:$J$1927,IF($Y$14="Header",'All data map'!$F$2063:$J$2075,))))))))))))))))))))))))))))))))),BD14,FALSE),"-") -> Input | AA14: =IFERROR(HLOOKUP(VLOOKUP((VLOOKUP($Y$10,$B$10:$C$22,2,FALSE)),'All data map'!$C$1:$J$3005,5,FALSE),IF($Y$14="XBE-DC08A",'All data map'!$F$1359:$J$1359, IF($Y$14="XBE-DC16A",'All data map'!$F$1360:$J$1360, IF($Y$14="XBE-DC16B",'All data map'!$F$1361:$J$1361, IF($Y$14="XBE-DC32A",'All data map'!$F$1362:$J$1362, IF($Y$14="XBE-AC08A",'All data map'!$F$1363:$J$1363, IF($Y$14="XBE-TN08A",'All data map'!$F$1364:$J$1364, IF($Y$14="XBE-TP08A",'All data map'!$F$1365:$J$1365, IF($Y$14="XBE-TN16A",'All data map'!$F$1366:$J$1366, IF($Y$14="XBE-TP16A",'All data map'!$F$1367:$J$1367, IF($Y$14="XBE-TN32A",'All data map'!$F$1368:$J$1368, IF($Y$14="XBE-TP32A",'All data map'!$F$1369:$J$1369, IF($Y$14="XBE-RY08A",'All data map'!$F$1370:$J$1370, IF($Y$14="XBE-RY08B",'All data map'!$F$1371:$J$1371, IF($Y$14="XBE-RY16A",'All data map'!$F$1372:$J$1372, IF($Y$14="XBE-DR16A",'All data map'!$F$1373:$J$1374, IF($Y$14="XBE-DN32A",'All data map'!$F$1375:$J$1376, IF($Y$14="XBF-AD04A",'All data map'!$F$1377:$J$1387, IF($Y$14="XBF-AD08A",'All data map'!$F$1388:$J$1422, IF($Y$14="XBF-AD04C",'All data map'!$F$1423:$J$1453, IF($Y$14="XBF-DV04A",'All data map'!$F$1454:$J$1470, IF($Y$14="XBF-DC04A",'All data map'!$F$1471:$J$1487, IF($Y$14="XBF-DC04B",'All data map'!$F$1488:$J$1504, IF($Y$14="XBF-DV04C",'All data map'!$F$1505:$J$1525, IF($Y$14="XBF-DC04C",'All data map'!$F$1526:$J$1550, IF($Y$14="XBF-AH04A",'All data map'!$F$1551:$J$1570, IF($Y$14="XBF-RD04A",'All data map'!$F$1571:$J$1590, IF($Y$14="XBF-RD01A",'All data map'!$F$1591:$J$1604, IF($Y$14="XBF-TC04B",'All data map'!$F$1605:$J$1650, IF($Y$14="XBF-TC04S",'All data map'!$F$1651:$J$1696, IF($Y$14="XBF-LD02S",'All data map'!$F$1697:$J$1805, IF($Y$14="XBF-HO02A",'All data map'!$F$1806:$J$1866, IF($Y$14="XBF-HD02A",'All data map'!$F$1867:$J$1927,IF($Y$14="Header",'All data map'!$F$2063:$H$2075,0))))))))))))))))))))))))))))))))),BE14,FALSE),"-") -> XBF-TC04B_EXT_PWR_ERR | AB14: =IFERROR(HLOOKUP(VLOOKUP((VLOOKUP($Y$10,$B$10:$C$22,2,FALSE)),'All data map'!$C$1:$J$3005,6,FALSE),IF($Y$14="XBE-DC08A",'All data map'!$F$1359:$J$1359, IF($Y$14="XBE-DC16A",'All data map'!$F$1360:$J$1360, IF($Y$14="XBE-DC16B",'All data map'!$F$1361:$J$1361, IF($Y$14="XBE-DC32A",'All data map'!$F$1362:$J$1362, IF($Y$14="XBE-AC08A",'All data map'!$F$1363:$J$1363, IF($Y$14="XBE-TN08A",'All data map'!$F$1364:$J$1364, IF($Y$14="XBE-TP08A",'All data map'!$F$1365:$J$1365, IF($Y$14="XBE-TN16A",'All data map'!$F$1366:$J$1366, IF($Y$14="XBE-TP16A",'All data map'!$F$1367:$J$1367, IF($Y$14="XBE-TN32A",'All data map'!$F$1368:$J$1368, IF($Y$14="XBE-TP32A",'All data map'!$F$1369:$J$1369, IF($Y$14="XBE-RY08A",'All data map'!$F$1370:$J$1370, IF($Y$14="XBE-RY08B",'All data map'!$F$1371:$J$1371, IF($Y$14="XBE-RY16A",'All data map'!$F$1372:$J$1372, IF($Y$14="XBE-DR16A",'All data map'!$F$1373:$J$1374, IF($Y$14="XBE-DN32A",'All data map'!$F$1375:$J$1376, IF($Y$14="XBF-AD04A",'All data map'!$F$1377:$J$1387, IF($Y$14="XBF-AD08A",'All data map'!$F$1388:$J$1422, IF($Y$14="XBF-AD04C",'All data map'!$F$1423:$J$1453, IF($Y$14="XBF-DV04A",'All data map'!$F$1454:$J$1470, IF($Y$14="XBF-DC04A",'All data map'!$F$1471:$J$1487, IF($Y$14="XBF-DC04B",'All data map'!$F$1488:$J$1504, IF($Y$14="XBF-DV04C",'All data map'!$F$1505:$J$1525, IF($Y$14="XBF-DC04C",'All data map'!$F$1526:$J$1550, IF($Y$14="XBF-AH04A",'All data map'!$F$1551:$J$1570, IF($Y$14="XBF-RD04A",'All data map'!$F$1571:$J$1590, IF($Y$14="XBF-RD01A",'All data map'!$F$1591:$J$1604, IF($Y$14="XBF-TC04B",'All data map'!$F$1605:$J$1650, IF($Y$14="XBF-TC04S",'All data map'!$F$1651:$J$1696, IF($Y$14="XBF-LD02S",'All data map'!$F$1697:$J$1805, IF($Y$14="XBF-HO02A",'All data map'!$F$1806:$J$1866, IF($Y$14="XBF-HD02A",'All data map'!$F$1867:$J$1927,IF($Y$14="Header",'All data map'!$F$2063:$J$2075,))))))))))))))))))))))))))))))))),BF14,FALSE),"-") -> BIT | AC14: =IFERROR(HLOOKUP(VLOOKUP((VLOOKUP($Y$10,$B$10:$C$22,2,FALSE)),'All data map'!$C$1:$J$3005,7,FALSE),IF($Y$14="XBE-DC08A",'All data map'!$F$1359:$J$1359, IF($Y$14="XBE-DC16A",'All data map'!$F$1360:$J$1360, IF($Y$14="XBE-DC16B",'All data map'!$F$1361:$J$1361, IF($Y$14="XBE-DC32A",'All data map'!$F$1362:$J$1362, IF($Y$14="XBE-AC08A",'All data map'!$F$1363:$J$1363, IF($Y$14="XBE-TN08A",'All data map'!$F$1364:$J$1364, IF($Y$14="XBE-TP08A",'All data map'!$F$1365:$J$1365, IF($Y$14="XBE-TN16A",'All data map'!$F$1366:$J$1366, IF($Y$14="XBE-TP16A",'All data map'!$F$1367:$J$1367, IF($Y$14="XBE-TN32A",'All data map'!$F$1368:$J$1368, IF($Y$14="XBE-TP32A",'All data map'!$F$1369:$J$1369, IF($Y$14="XBE-RY08A",'All data map'!$F$1370:$J$1370, IF($Y$14="XBE-RY08B",'All data map'!$F$1371:$J$1371, IF($Y$14="XBE-RY16A",'All data map'!$F$1372:$J$1372, IF($Y$14="XBE-DR16A",'All data map'!$F$1373:$J$1374, IF($Y$14="XBE-DN32A",'All data map'!$F$1375:$J$1376, IF($Y$14="XBF-AD04A",'All data map'!$F$1377:$J$1387, IF($Y$14="XBF-AD08A",'All data map'!$F$1388:$J$1422, IF($Y$14="XBF-AD04C",'All data map'!$F$1423:$J$1453, IF($Y$14="XBF-DV04A",'All data map'!$F$1454:$J$1470, IF($Y$14="XBF-DC04A",'All data map'!$F$1471:$J$1487, IF($Y$14="XBF-DC04B",'All data map'!$F$1488:$J$1504, IF($Y$14="XBF-DV04C",'All data map'!$F$1505:$J$1525, IF($Y$14="XBF-DC04C",'All data map'!$F$1526:$J$1550, IF($Y$14="XBF-AH04A",'All data map'!$F$1551:$J$1570, IF($Y$14="XBF-RD04A",'All data map'!$F$1571:$J$1590, IF($Y$14="XBF-RD01A",'All data map'!$F$1591:$J$1604, IF($Y$14="XBF-TC04B",'All data map'!$F$1605:$J$1650, IF($Y$14="XBF-TC04S",'All data map'!$F$1651:$J$1696, IF($Y$14="XBF-LD02S",'All data map'!$F$1697:$J$1805, IF($Y$14="XBF-HO02A",'All data map'!$F$1806:$J$1866, IF($Y$14="XBF-HD02A",'All data map'!$F$1867:$J$1927,IF($Y$14="Header",'All data map'!$F$2063:$J$2075,))))))))))))))))))))))))))))))))),BG14,FALSE),"-") -> 0.C | AD14: =IFERROR(HLOOKUP(VLOOKUP((VLOOKUP($Y$10,$B$10:$C$22,2,FALSE)),'All data map'!$C$1:$J$3005,8,FALSE),IF($Y$14="XBE-DC08A",'All data map'!$F$1359:$J$1359, IF($Y$14="XBE-DC16A",'All data map'!$F$1360:$J$1360, IF($Y$14="XBE-DC16B",'All data map'!$F$1361:$J$1361, IF($Y$14="XBE-DC32A",'All data map'!$F$1362:$J$1362, IF($Y$14="XBE-AC08A",'All data map'!$F$1363:$J$1363, IF($Y$14="XBE-TN08A",'All data map'!$F$1364:$J$1364, IF($Y$14="XBE-TP08A",'All data map'!$F$1365:$J$1365, IF($Y$14="XBE-TN16A",'All data map'!$F$1366:$J$1366, IF($Y$14="XBE-TP16A",'All data map'!$F$1367:$J$1367, IF($Y$14="XBE-TN32A",'All data map'!$F$1368:$J$1368, IF($Y$14="XBE-TP32A",'All data map'!$F$1369:$J$1369, IF($Y$14="XBE-RY08A",'All data map'!$F$1370:$J$1370, IF($Y$14="XBE-RY08B",'All data map'!$F$1371:$J$1371, IF($Y$14="XBE-RY16A",'All data map'!$F$1372:$J$1372, IF($Y$14="XBE-DR16A",'All data map'!$F$1373:$J$1374, IF($Y$14="XBE-DN32A",'All data map'!$F$1375:$J$1376, IF($Y$14="XBF-AD04A",'All data map'!$F$1377:$J$1387, IF($Y$14="XBF-AD08A",'All data map'!$F$1388:$J$1422, IF($Y$14="XBF-AD04C",'All data map'!$F$1423:$J$1453, IF($Y$14="XBF-DV04A",'All data map'!$F$1454:$J$1470, IF($Y$14="XBF-DC04A",'All data map'!$F$1471:$J$1487, IF($Y$14="XBF-DC04B",'All data map'!$F$1488:$J$1504, IF($Y$14="XBF-DV04C",'All data map'!$F$1505:$J$1525, IF($Y$14="XBF-DC04C",'All data map'!$F$1526:$J$1550, IF($Y$14="XBF-AH04A",'All data map'!$F$1551:$J$1570, IF($Y$14="XBF-RD04A",'All data map'!$F$1571:$J$1590, IF($Y$14="XBF-RD01A",'All data map'!$F$1591:$J$1604, IF($Y$14="XBF-TC04B",'All data map'!$F$1605:$J$1650, IF($Y$14="XBF-TC04S",'All data map'!$F$1651:$J$1696, IF($Y$14="XBF-LD02S",'All data map'!$F$1697:$J$1805, IF($Y$14="XBF-HO02A",'All data map'!$F$1806:$J$1866, IF($Y$14="XBF-HD02A",'All data map'!$F$1867:$J$1927,IF($Y$14="Header",'All data map'!$F$2063:$J$2075,))))))))))))))))))))))))))))))))),BH14,FALSE),"-") -> Temperature input module : External power error | BB14: 5 | BC14: 5 | BD14: 5 | BE14: 5 | BF14: 5 | BG14: 5 | BH14: 5 | BI14: 5 | BJ14: 5 | BK14: 5 | BL14: 5 | BM14: 5 | BN14: 5 | BO14: 5 | BP14: 5 | BQ14: 5 | BR14: 5
B15: 4 | C15: XBE-DC16B | D15: =IFERROR(VLOOKUP(C15,'refresh size'!C:E,2,FALSE),0) -> 2 | E15: =IFERROR(VLOOKUP(C15,'refresh size'!C:E,3,FALSE),0) -> 0 | F15: =IF(LEN(C15)>0,IF(D15>0,MAX(F$10:F14)+D15,"-"),"-") -> 64 | G15: =IF(LEN(C15)>0,IF(E15>0,MAX(G$10:G14)+E15,0),0) -> 0 | H15: =B15*8 -> 32 | I15: =B15*8 -> 32 | J15: =B15*64 -> 256 | K15: =IFERROR(F15-D15,0) -> 62 | L15: =IFERROR(G15-E15,0) -> 0 | M15: =$M$9 -> MW | N15: =IF(D15,IF(D15,$N$9+(K15/2),0),"-") -> 31 | O15: =$M$9 -> MW | P15: =IF(E15,IF(E15,$P$9+(L15/2),0),"-") -> - | Q15: =IF(D15<>0,"H302"&TEXT(DEC2HEX(K15/2,2),"00"),0) -> H3021F | R15: =D15/2 -> 1 | S15: =IF(E15<>0,"H402"&TEXT(DEC2HEX(L15/2,2),"00"),0) -> 0 | T15: =E15/2 -> 0 | U15: =IF(D15<>0,"305"&TEXT(K15/2+12+$V$5,"00"),0) -> 30543 | V15: =D15/2 -> 1 | W15: =IF(E15<>0,"405"&TEXT(L15/2+12+$V$5,"00"),0) -> 0 | X15: =E15/2 -> 0 | Z15: =IFERROR(HLOOKUP(VLOOKUP((VLOOKUP($Y$10,$B$10:$C$22,2,FALSE)),'All data map'!$C$1:$J$3005,4,FALSE),IF($Y$14="XBE-DC08A",'All data map'!$F$1359:$J$1359, IF($Y$14="XBE-DC16A",'All data map'!$F$1360:$J$1360, IF($Y$14="XBE-DC16B",'All data map'!$F$1361:$J$1361, IF($Y$14="XBE-DC32A",'All data map'!$F$1362:$J$1362, IF($Y$14="XBE-AC08A",'All data map'!$F$1363:$J$1363, IF($Y$14="XBE-TN08A",'All data map'!$F$1364:$J$1364, IF($Y$14="XBE-TP08A",'All data map'!$F$1365:$J$1365, IF($Y$14="XBE-TN16A",'All data map'!$F$1366:$J$1366, IF($Y$14="XBE-TP16A",'All data map'!$F$1367:$J$1367, IF($Y$14="XBE-TN32A",'All data map'!$F$1368:$J$1368, IF($Y$14="XBE-TP32A",'All data map'!$F$1369:$J$1369, IF($Y$14="XBE-RY08A",'All data map'!$F$1370:$J$1370, IF($Y$14="XBE-RY08B",'All data map'!$F$1371:$J$1371, IF($Y$14="XBE-RY16A",'All data map'!$F$1372:$J$1372, IF($Y$14="XBE-DR16A",'All data map'!$F$1373:$J$1374, IF($Y$14="XBE-DN32A",'All data map'!$F$1375:$J$1376, IF($Y$14="XBF-AD04A",'All data map'!$F$1377:$J$1387, IF($Y$14="XBF-AD08A",'All data map'!$F$1388:$J$1422, IF($Y$14="XBF-AD04C",'All data map'!$F$1423:$J$1453, IF($Y$14="XBF-DV04A",'All data map'!$F$1454:$J$1470, IF($Y$14="XBF-DC04A",'All data map'!$F$1471:$J$1487, IF($Y$14="XBF-DC04B",'All data map'!$F$1488:$J$1504, IF($Y$14="XBF-DV04C",'All data map'!$F$1505:$J$1525, IF($Y$14="XBF-DC04C",'All data map'!$F$1526:$J$1550, IF($Y$14="XBF-AH04A",'All data map'!$F$1551:$J$1570, IF($Y$14="XBF-RD04A",'All data map'!$F$1571:$J$1590, IF($Y$14="XBF-RD01A",'All data map'!$F$1591:$J$1604, IF($Y$14="XBF-TC04B",'All data map'!$F$1605:$J$1650, IF($Y$14="XBF-TC04S",'All data map'!$F$1651:$J$1696, IF($Y$14="XBF-LD02S",'All data map'!$F$1697:$J$1805, IF($Y$14="XBF-HO02A",'All data map'!$F$1806:$J$1866, IF($Y$14="XBF-HD02A",'All data map'!$F$1867:$J$1927,IF($Y$14="Header",'All data map'!$F$2063:$J$2075,))))))))))))))))))))))))))))))))),BD15,FALSE),"-") -> Input | AA15: =IFERROR(HLOOKUP(VLOOKUP((VLOOKUP($Y$10,$B$10:$C$22,2,FALSE)),'All data map'!$C$1:$J$3005,5,FALSE),IF($Y$14="XBE-DC08A",'All data map'!$F$1359:$J$1359, IF($Y$14="XBE-DC16A",'All data map'!$F$1360:$J$1360, IF($Y$14="XBE-DC16B",'All data map'!$F$1361:$J$1361, IF($Y$14="XBE-DC32A",'All data map'!$F$1362:$J$1362, IF($Y$14="XBE-AC08A",'All data map'!$F$1363:$J$1363, IF($Y$14="XBE-TN08A",'All data map'!$F$1364:$J$1364, IF($Y$14="XBE-TP08A",'All data map'!$F$1365:$J$1365, IF($Y$14="XBE-TN16A",'All data map'!$F$1366:$J$1366, IF($Y$14="XBE-TP16A",'All data map'!$F$1367:$J$1367, IF($Y$14="XBE-TN32A",'All data map'!$F$1368:$J$1368, IF($Y$14="XBE-TP32A",'All data map'!$F$1369:$J$1369, IF($Y$14="XBE-RY08A",'All data map'!$F$1370:$J$1370, IF($Y$14="XBE-RY08B",'All data map'!$F$1371:$J$1371, IF($Y$14="XBE-RY16A",'All data map'!$F$1372:$J$1372, IF($Y$14="XBE-DR16A",'All data map'!$F$1373:$J$1374, IF($Y$14="XBE-DN32A",'All data map'!$F$1375:$J$1376, IF($Y$14="XBF-AD04A",'All data map'!$F$1377:$J$1387, IF($Y$14="XBF-AD08A",'All data map'!$F$1388:$J$1422, IF($Y$14="XBF-AD04C",'All data map'!$F$1423:$J$1453, IF($Y$14="XBF-DV04A",'All data map'!$F$1454:$J$1470, IF($Y$14="XBF-DC04A",'All data map'!$F$1471:$J$1487, IF($Y$14="XBF-DC04B",'All data map'!$F$1488:$J$1504, IF($Y$14="XBF-DV04C",'All data map'!$F$1505:$J$1525, IF($Y$14="XBF-DC04C",'All data map'!$F$1526:$J$1550, IF($Y$14="XBF-AH04A",'All data map'!$F$1551:$J$1570, IF($Y$14="XBF-RD04A",'All data map'!$F$1571:$J$1590, IF($Y$14="XBF-RD01A",'All data map'!$F$1591:$J$1604, IF($Y$14="XBF-TC04B",'All data map'!$F$1605:$J$1650, IF($Y$14="XBF-TC04S",'All data map'!$F$1651:$J$1696, IF($Y$14="XBF-LD02S",'All data map'!$F$1697:$J$1805, IF($Y$14="XBF-HO02A",'All data map'!$F$1806:$J$1866, IF($Y$14="XBF-HD02A",'All data map'!$F$1867:$J$1927,IF($Y$14="Header",'All data map'!$F$2063:$H$2075,0))))))))))))))))))))))))))))))))),BE15,FALSE),"-") -> XBF-TC04B_EEPROMERR | AB15: =IFERROR(HLOOKUP(VLOOKUP((VLOOKUP($Y$10,$B$10:$C$22,2,FALSE)),'All data map'!$C$1:$J$3005,6,FALSE),IF($Y$14="XBE-DC08A",'All data map'!$F$1359:$J$1359, IF($Y$14="XBE-DC16A",'All data map'!$F$1360:$J$1360, IF($Y$14="XBE-DC16B",'All data map'!$F$1361:$J$1361, IF($Y$14="XBE-DC32A",'All data map'!$F$1362:$J$1362, IF($Y$14="XBE-AC08A",'All data map'!$F$1363:$J$1363, IF($Y$14="XBE-TN08A",'All data map'!$F$1364:$J$1364, IF($Y$14="XBE-TP08A",'All data map'!$F$1365:$J$1365, IF($Y$14="XBE-TN16A",'All data map'!$F$1366:$J$1366, IF($Y$14="XBE-TP16A",'All data map'!$F$1367:$J$1367, IF($Y$14="XBE-TN32A",'All data map'!$F$1368:$J$1368, IF($Y$14="XBE-TP32A",'All data map'!$F$1369:$J$1369, IF($Y$14="XBE-RY08A",'All data map'!$F$1370:$J$1370, IF($Y$14="XBE-RY08B",'All data map'!$F$1371:$J$1371, IF($Y$14="XBE-RY16A",'All data map'!$F$1372:$J$1372, IF($Y$14="XBE-DR16A",'All data map'!$F$1373:$J$1374, IF($Y$14="XBE-DN32A",'All data map'!$F$1375:$J$1376, IF($Y$14="XBF-AD04A",'All data map'!$F$1377:$J$1387, IF($Y$14="XBF-AD08A",'All data map'!$F$1388:$J$1422, IF($Y$14="XBF-AD04C",'All data map'!$F$1423:$J$1453, IF($Y$14="XBF-DV04A",'All data map'!$F$1454:$J$1470, IF($Y$14="XBF-DC04A",'All data map'!$F$1471:$J$1487, IF($Y$14="XBF-DC04B",'All data map'!$F$1488:$J$1504, IF($Y$14="XBF-DV04C",'All data map'!$F$1505:$J$1525, IF($Y$14="XBF-DC04C",'All data map'!$F$1526:$J$1550, IF($Y$14="XBF-AH04A",'All data map'!$F$1551:$J$1570, IF($Y$14="XBF-RD04A",'All data map'!$F$1571:$J$1590, IF($Y$14="XBF-RD01A",'All data map'!$F$1591:$J$1604, IF($Y$14="XBF-TC04B",'All data map'!$F$1605:$J$1650, IF($Y$14="XBF-TC04S",'All data map'!$F$1651:$J$1696, IF($Y$14="XBF-LD02S",'All data map'!$F$1697:$J$1805, IF($Y$14="XBF-HO02A",'All data map'!$F$1806:$J$1866, IF($Y$14="XBF-HD02A",'All data map'!$F$1867:$J$1927,IF($Y$14="Header",'All data map'!$F$2063:$J$2075,))))))))))))))))))))))))))))))))),BF15,FALSE),"-") -> BIT | AC15: =IFERROR(HLOOKUP(VLOOKUP((VLOOKUP($Y$10,$B$10:$C$22,2,FALSE)),'All data map'!$C$1:$J$3005,7,FALSE),IF($Y$14="XBE-DC08A",'All data map'!$F$1359:$J$1359, IF($Y$14="XBE-DC16A",'All data map'!$F$1360:$J$1360, IF($Y$14="XBE-DC16B",'All data map'!$F$1361:$J$1361, IF($Y$14="XBE-DC32A",'All data map'!$F$1362:$J$1362, IF($Y$14="XBE-AC08A",'All data map'!$F$1363:$J$1363, IF($Y$14="XBE-TN08A",'All data map'!$F$1364:$J$1364, IF($Y$14="XBE-TP08A",'All data map'!$F$1365:$J$1365, IF($Y$14="XBE-TN16A",'All data map'!$F$1366:$J$1366, IF($Y$14="XBE-TP16A",'All data map'!$F$1367:$J$1367, IF($Y$14="XBE-TN32A",'All data map'!$F$1368:$J$1368, IF($Y$14="XBE-TP32A",'All data map'!$F$1369:$J$1369, IF($Y$14="XBE-RY08A",'All data map'!$F$1370:$J$1370, IF($Y$14="XBE-RY08B",'All data map'!$F$1371:$J$1371, IF($Y$14="XBE-RY16A",'All data map'!$F$1372:$J$1372, IF($Y$14="XBE-DR16A",'All data map'!$F$1373:$J$1374, IF($Y$14="XBE-DN32A",'All data map'!$F$1375:$J$1376, IF($Y$14="XBF-AD04A",'All data map'!$F$1377:$J$1387, IF($Y$14="XBF-AD08A",'All data map'!$F$1388:$J$1422, IF($Y$14="XBF-AD04C",'All data map'!$F$1423:$J$1453, IF($Y$14="XBF-DV04A",'All data map'!$F$1454:$J$1470, IF($Y$14="XBF-DC04A",'All data map'!$F$1471:$J$1487, IF($Y$14="XBF-DC04B",'All data map'!$F$1488:$J$1504, IF($Y$14="XBF-DV04C",'All data map'!$F$1505:$J$1525, IF($Y$14="XBF-DC04C",'All data map'!$F$1526:$J$1550, IF($Y$14="XBF-AH04A",'All data map'!$F$1551:$J$1570, IF($Y$14="XBF-RD04A",'All data map'!$F$1571:$J$1590, IF($Y$14="XBF-RD01A",'All data map'!$F$1591:$J$1604, IF($Y$14="XBF-TC04B",'All data map'!$F$1605:$J$1650, IF($Y$14="XBF-TC04S",'All data map'!$F$1651:$J$1696, IF($Y$14="XBF-LD02S",'All data map'!$F$1697:$J$1805, IF($Y$14="XBF-HO02A",'All data map'!$F$1806:$J$1866, IF($Y$14="XBF-HD02A",'All data map'!$F$1867:$J$1927,IF($Y$14="Header",'All data map'!$F$2063:$J$2075,))))))))))))))))))))))))))))))))),BG15,FALSE),"-") -> 0.D | AD15: =IFERROR(HLOOKUP(VLOOKUP((VLOOKUP($Y$10,$B$10:$C$22,2,FALSE)),'All data map'!$C$1:$J$3005,8,FALSE),IF($Y$14="XBE-DC08A",'All data map'!$F$1359:$J$1359, IF($Y$14="XBE-DC16A",'All data map'!$F$1360:$J$1360, IF($Y$14="XBE-DC16B",'All data map'!$F$1361:$J$1361, IF($Y$14="XBE-DC32A",'All data map'!$F$1362:$J$1362, IF($Y$14="XBE-AC08A",'All data map'!$F$1363:$J$1363, IF($Y$14="XBE-TN08A",'All data map'!$F$1364:$J$1364, IF($Y$14="XBE-TP08A",'All data map'!$F$1365:$J$1365, IF($Y$14="XBE-TN16A",'All data map'!$F$1366:$J$1366, IF($Y$14="XBE-TP16A",'All data map'!$F$1367:$J$1367, IF($Y$14="XBE-TN32A",'All data map'!$F$1368:$J$1368, IF($Y$14="XBE-TP32A",'All data map'!$F$1369:$J$1369, IF($Y$14="XBE-RY08A",'All data map'!$F$1370:$J$1370, IF($Y$14="XBE-RY08B",'All data map'!$F$1371:$J$1371, IF($Y$14="XBE-RY16A",'All data map'!$F$1372:$J$1372, IF($Y$14="XBE-DR16A",'All data map'!$F$1373:$J$1374, IF($Y$14="XBE-DN32A",'All data map'!$F$1375:$J$1376, IF($Y$14="XBF-AD04A",'All data map'!$F$1377:$J$1387, IF($Y$14="XBF-AD08A",'All data map'!$F$1388:$J$1422, IF($Y$14="XBF-AD04C",'All data map'!$F$1423:$J$1453, IF($Y$14="XBF-DV04A",'All data map'!$F$1454:$J$1470, IF($Y$14="XBF-DC04A",'All data map'!$F$1471:$J$1487, IF($Y$14="XBF-DC04B",'All data map'!$F$1488:$J$1504, IF($Y$14="XBF-DV04C",'All data map'!$F$1505:$J$1525, IF($Y$14="XBF-DC04C",'All data map'!$F$1526:$J$1550, IF($Y$14="XBF-AH04A",'All data map'!$F$1551:$J$1570, IF($Y$14="XBF-RD04A",'All data map'!$F$1571:$J$1590, IF($Y$14="XBF-RD01A",'All data map'!$F$1591:$J$1604, IF($Y$14="XBF-TC04B",'All data map'!$F$1605:$J$1650, IF($Y$14="XBF-TC04S",'All data map'!$F$1651:$J$1696, IF($Y$14="XBF-LD02S",'All data map'!$F$1697:$J$1805, IF($Y$14="XBF-HO02A",'All data map'!$F$1806:$J$1866, IF($Y$14="XBF-HD02A",'All data map'!$F$1867:$J$1927,IF($Y$14="Header",'All data map'!$F$2063:$J$2075,))))))))))))))))))))))))))))))))),BH15,FALSE),"-") -> Temperature input module : Offset/gain backup error flag | BB15: 6 | BC15: 6 | BD15: 6 | BE15: 6 | BF15: 6 | BG15: 6 | BH15: 6 | BI15: 6 | BJ15: 6 | BK15: 6 | BL15: 6 | BM15: 6 | BN15: 6 | BO15: 6 | BP15: 6 | BQ15: 6 | BR15: 6
B16: 5 | C16: XBE-TN08A | D16: =IFERROR(VLOOKUP(C16,'refresh size'!C:E,2,FALSE),0) -> 0 | E16: =IFERROR(VLOOKUP(C16,'refresh size'!C:E,3,FALSE),0) -> 2 | F16: =IF(LEN(C16)>0,IF(D16>0,MAX(F$10:F15)+D16,"-"),"-") -> - | G16: =IF(LEN(C16)>0,IF(E16>0,MAX(G$10:G15)+E16,0),0) -> 22 | H16: =B16*8 -> 40 | I16: =B16*8 -> 40 | J16: =B16*64 -> 320 | K16: =IFERROR(F16-D16,0) -> 0 | L16: =IFERROR(G16-E16,0) -> 20 | M16: =$M$9 -> MW | N16: =IF(D16,IF(D16,$N$9+(K16/2),0),"-") -> - | O16: =$M$9 -> MW | P16: =IF(E16,IF(E16,$P$9+(L16/2),0),"-") -> 110 | Q16: =IF(D16<>0,"H302"&TEXT(DEC2HEX(K16/2,2),"00"),0) -> 0 | R16: =D16/2 -> 0 | S16: =IF(E16<>0,"H402"&TEXT(DEC2HEX(L16/2,2),"00"),0) -> H4020A | T16: =E16/2 -> 1 | U16: =IF(D16<>0,"305"&TEXT(K16/2+12+$V$5,"00"),0) -> 0 | V16: =D16/2 -> 0 | W16: =IF(E16<>0,"405"&TEXT(L16/2+12+$V$5,"00"),0) -> 40522 | X16: =E16/2 -> 1 | Z16: =IFERROR(HLOOKUP(VLOOKUP((VLOOKUP($Y$10,$B$10:$C$22,2,FALSE)),'All data map'!$C$1:$J$3005,4,FALSE),IF($Y$14="XBE-DC08A",'All data map'!$F$1359:$J$1359, IF($Y$14="XBE-DC16A",'All data map'!$F$1360:$J$1360, IF($Y$14="XBE-DC16B",'All data map'!$F$1361:$J$1361, IF($Y$14="XBE-DC32A",'All data map'!$F$1362:$J$1362, IF($Y$14="XBE-AC08A",'All data map'!$F$1363:$J$1363, IF($Y$14="XBE-TN08A",'All data map'!$F$1364:$J$1364, IF($Y$14="XBE-TP08A",'All data map'!$F$1365:$J$1365, IF($Y$14="XBE-TN16A",'All data map'!$F$1366:$J$1366, IF($Y$14="XBE-TP16A",'All data map'!$F$1367:$J$1367, IF($Y$14="XBE-TN32A",'All data map'!$F$1368:$J$1368, IF($Y$14="XBE-TP32A",'All data map'!$F$1369:$J$1369, IF($Y$14="XBE-RY08A",'All data map'!$F$1370:$J$1370, IF($Y$14="XBE-RY08B",'All data map'!$F$1371:$J$1371, IF($Y$14="XBE-RY16A",'All data map'!$F$1372:$J$1372, IF($Y$14="XBE-DR16A",'All data map'!$F$1373:$J$1374, IF($Y$14="XBE-DN32A",'All data map'!$F$1375:$J$1376, IF($Y$14="XBF-AD04A",'All data map'!$F$1377:$J$1387, IF($Y$14="XBF-AD08A",'All data map'!$F$1388:$J$1422, IF($Y$14="XBF-AD04C",'All data map'!$F$1423:$J$1453, IF($Y$14="XBF-DV04A",'All data map'!$F$1454:$J$1470, IF($Y$14="XBF-DC04A",'All data map'!$F$1471:$J$1487, IF($Y$14="XBF-DC04B",'All data map'!$F$1488:$J$1504, IF($Y$14="XBF-DV04C",'All data map'!$F$1505:$J$1525, IF($Y$14="XBF-DC04C",'All data map'!$F$1526:$J$1550, IF($Y$14="XBF-AH04A",'All data map'!$F$1551:$J$1570, IF($Y$14="XBF-RD04A",'All data map'!$F$1571:$J$1590, IF($Y$14="XBF-RD01A",'All data map'!$F$1591:$J$1604, IF($Y$14="XBF-TC04B",'All data map'!$F$1605:$J$1650, IF($Y$14="XBF-TC04S",'All data map'!$F$1651:$J$1696, IF($Y$14="XBF-LD02S",'All data map'!$F$1697:$J$1805, IF($Y$14="XBF-HO02A",'All data map'!$F$1806:$J$1866, IF($Y$14="XBF-HD02A",'All data map'!$F$1867:$J$1927,IF($Y$14="Header",'All data map'!$F$2063:$J$2075,))))))))))))))))))))))))))))))))),BD16,FALSE),"-") -> Input | AA16: =IFERROR(HLOOKUP(VLOOKUP((VLOOKUP($Y$10,$B$10:$C$22,2,FALSE)),'All data map'!$C$1:$J$3005,5,FALSE),IF($Y$14="XBE-DC08A",'All data map'!$F$1359:$J$1359, IF($Y$14="XBE-DC16A",'All data map'!$F$1360:$J$1360, IF($Y$14="XBE-DC16B",'All data map'!$F$1361:$J$1361, IF($Y$14="XBE-DC32A",'All data map'!$F$1362:$J$1362, IF($Y$14="XBE-AC08A",'All data map'!$F$1363:$J$1363, IF($Y$14="XBE-TN08A",'All data map'!$F$1364:$J$1364, IF($Y$14="XBE-TP08A",'All data map'!$F$1365:$J$1365, IF($Y$14="XBE-TN16A",'All data map'!$F$1366:$J$1366, IF($Y$14="XBE-TP16A",'All data map'!$F$1367:$J$1367, IF($Y$14="XBE-TN32A",'All data map'!$F$1368:$J$1368, IF($Y$14="XBE-TP32A",'All data map'!$F$1369:$J$1369, IF($Y$14="XBE-RY08A",'All data map'!$F$1370:$J$1370, IF($Y$14="XBE-RY08B",'All data map'!$F$1371:$J$1371, IF($Y$14="XBE-RY16A",'All data map'!$F$1372:$J$1372, IF($Y$14="XBE-DR16A",'All data map'!$F$1373:$J$1374, IF($Y$14="XBE-DN32A",'All data map'!$F$1375:$J$1376, IF($Y$14="XBF-AD04A",'All data map'!$F$1377:$J$1387, IF($Y$14="XBF-AD08A",'All data map'!$F$1388:$J$1422, IF($Y$14="XBF-AD04C",'All data map'!$F$1423:$J$1453, IF($Y$14="XBF-DV04A",'All data map'!$F$1454:$J$1470, IF($Y$14="XBF-DC04A",'All data map'!$F$1471:$J$1487, IF($Y$14="XBF-DC04B",'All data map'!$F$1488:$J$1504, IF($Y$14="XBF-DV04C",'All data map'!$F$1505:$J$1525, IF($Y$14="XBF-DC04C",'All data map'!$F$1526:$J$1550, IF($Y$14="XBF-AH04A",'All data map'!$F$1551:$J$1570, IF($Y$14="XBF-RD04A",'All data map'!$F$1571:$J$1590, IF($Y$14="XBF-RD01A",'All data map'!$F$1591:$J$1604, IF($Y$14="XBF-TC04B",'All data map'!$F$1605:$J$1650, IF($Y$14="XBF-TC04S",'All data map'!$F$1651:$J$1696, IF($Y$14="XBF-LD02S",'All data map'!$F$1697:$J$1805, IF($Y$14="XBF-HO02A",'All data map'!$F$1806:$J$1866, IF($Y$14="XBF-HD02A",'All data map'!$F$1867:$J$1927,IF($Y$14="Header",'All data map'!$F$2063:$H$2075,0))))))))))))))))))))))))))))))))),BE16,FALSE),"-") -> XBF-TC04B_WDT_ERR | AB16: =IFERROR(HLOOKUP(VLOOKUP((VLOOKUP($Y$10,$B$10:$C$22,2,FALSE)),'All data map'!$C$1:$J$3005,6,FALSE),IF($Y$14="XBE-DC08A",'All data map'!$F$1359:$J$1359, IF($Y$14="XBE-DC16A",'All data map'!$F$1360:$J$1360, IF($Y$14="XBE-DC16B",'All data map'!$F$1361:$J$1361, IF($Y$14="XBE-DC32A",'All data map'!$F$1362:$J$1362, IF($Y$14="XBE-AC08A",'All data map'!$F$1363:$J$1363, IF($Y$14="XBE-TN08A",'All data map'!$F$1364:$J$1364, IF($Y$14="XBE-TP08A",'All data map'!$F$1365:$J$1365, IF($Y$14="XBE-TN16A",'All data map'!$F$1366:$J$1366, IF($Y$14="XBE-TP16A",'All data map'!$F$1367:$J$1367, IF($Y$14="XBE-TN32A",'All data map'!$F$1368:$J$1368, IF($Y$14="XBE-TP32A",'All data map'!$F$1369:$J$1369, IF($Y$14="XBE-RY08A",'All data map'!$F$1370:$J$1370, IF($Y$14="XBE-RY08B",'All data map'!$F$1371:$J$1371, IF($Y$14="XBE-RY16A",'All data map'!$F$1372:$J$1372, IF($Y$14="XBE-DR16A",'All data map'!$F$1373:$J$1374, IF($Y$14="XBE-DN32A",'All data map'!$F$1375:$J$1376, IF($Y$14="XBF-AD04A",'All data map'!$F$1377:$J$1387, IF($Y$14="XBF-AD08A",'All data map'!$F$1388:$J$1422, IF($Y$14="XBF-AD04C",'All data map'!$F$1423:$J$1453, IF($Y$14="XBF-DV04A",'All data map'!$F$1454:$J$1470, IF($Y$14="XBF-DC04A",'All data map'!$F$1471:$J$1487, IF($Y$14="XBF-DC04B",'All data map'!$F$1488:$J$1504, IF($Y$14="XBF-DV04C",'All data map'!$F$1505:$J$1525, IF($Y$14="XBF-DC04C",'All data map'!$F$1526:$J$1550, IF($Y$14="XBF-AH04A",'All data map'!$F$1551:$J$1570, IF($Y$14="XBF-RD04A",'All data map'!$F$1571:$J$1590, IF($Y$14="XBF-RD01A",'All data map'!$F$1591:$J$1604, IF($Y$14="XBF-TC04B",'All data map'!$F$1605:$J$1650, IF($Y$14="XBF-TC04S",'All data map'!$F$1651:$J$1696, IF($Y$14="XBF-LD02S",'All data map'!$F$1697:$J$1805, IF($Y$14="XBF-HO02A",'All data map'!$F$1806:$J$1866, IF($Y$14="XBF-HD02A",'All data map'!$F$1867:$J$1927,IF($Y$14="Header",'All data map'!$F$2063:$J$2075,))))))))))))))))))))))))))))))))),BF16,FALSE),"-") -> BIT | AC16: =IFERROR(HLOOKUP(VLOOKUP((VLOOKUP($Y$10,$B$10:$C$22,2,FALSE)),'All data map'!$C$1:$J$3005,7,FALSE),IF($Y$14="XBE-DC08A",'All data map'!$F$1359:$J$1359, IF($Y$14="XBE-DC16A",'All data map'!$F$1360:$J$1360, IF($Y$14="XBE-DC16B",'All data map'!$F$1361:$J$1361, IF($Y$14="XBE-DC32A",'All data map'!$F$1362:$J$1362, IF($Y$14="XBE-AC08A",'All data map'!$F$1363:$J$1363, IF($Y$14="XBE-TN08A",'All data map'!$F$1364:$J$1364, IF($Y$14="XBE-TP08A",'All data map'!$F$1365:$J$1365, IF($Y$14="XBE-TN16A",'All data map'!$F$1366:$J$1366, IF($Y$14="XBE-TP16A",'All data map'!$F$1367:$J$1367, IF($Y$14="XBE-TN32A",'All data map'!$F$1368:$J$1368, IF($Y$14="XBE-TP32A",'All data map'!$F$1369:$J$1369, IF($Y$14="XBE-RY08A",'All data map'!$F$1370:$J$1370, IF($Y$14="XBE-RY08B",'All data map'!$F$1371:$J$1371, IF($Y$14="XBE-RY16A",'All data map'!$F$1372:$J$1372, IF($Y$14="XBE-DR16A",'All data map'!$F$1373:$J$1374, IF($Y$14="XBE-DN32A",'All data map'!$F$1375:$J$1376, IF($Y$14="XBF-AD04A",'All data map'!$F$1377:$J$1387, IF($Y$14="XBF-AD08A",'All data map'!$F$1388:$J$1422, IF($Y$14="XBF-AD04C",'All data map'!$F$1423:$J$1453, IF($Y$14="XBF-DV04A",'All data map'!$F$1454:$J$1470, IF($Y$14="XBF-DC04A",'All data map'!$F$1471:$J$1487, IF($Y$14="XBF-DC04B",'All data map'!$F$1488:$J$1504, IF($Y$14="XBF-DV04C",'All data map'!$F$1505:$J$1525, IF($Y$14="XBF-DC04C",'All data map'!$F$1526:$J$1550, IF($Y$14="XBF-AH04A",'All data map'!$F$1551:$J$1570, IF($Y$14="XBF-RD04A",'All data map'!$F$1571:$J$1590, IF($Y$14="XBF-RD01A",'All data map'!$F$1591:$J$1604, IF($Y$14="XBF-TC04B",'All data map'!$F$1605:$J$1650, IF($Y$14="XBF-TC04S",'All data map'!$F$1651:$J$1696, IF($Y$14="XBF-LD02S",'All data map'!$F$1697:$J$1805, IF($Y$14="XBF-HO02A",'All data map'!$F$1806:$J$1866, IF($Y$14="XBF-HD02A",'All data map'!$F$1867:$J$1927,IF($Y$14="Header",'All data map'!$F$2063:$J$2075,))))))))))))))))))))))))))))))))),BG16,FALSE),"-") -> 0.E | AD16: =IFERROR(HLOOKUP(VLOOKUP((VLOOKUP($Y$10,$B$10:$C$22,2,FALSE)),'All data map'!$C$1:$J$3005,8,FALSE),IF($Y$14="XBE-DC08A",'All data map'!$F$1359:$J$1359, IF($Y$14="XBE-DC16A",'All data map'!$F$1360:$J$1360, IF($Y$14="XBE-DC16B",'All data map'!$F$1361:$J$1361, IF($Y$14="XBE-DC32A",'All data map'!$F$1362:$J$1362, IF($Y$14="XBE-AC08A",'All data map'!$F$1363:$J$1363, IF($Y$14="XBE-TN08A",'All data map'!$F$1364:$J$1364, IF($Y$14="XBE-TP08A",'All data map'!$F$1365:$J$1365, IF($Y$14="XBE-TN16A",'All data map'!$F$1366:$J$1366, IF($Y$14="XBE-TP16A",'All data map'!$F$1367:$J$1367, IF($Y$14="XBE-TN32A",'All data map'!$F$1368:$J$1368, IF($Y$14="XBE-TP32A",'All data map'!$F$1369:$J$1369, IF($Y$14="XBE-RY08A",'All data map'!$F$1370:$J$1370, IF($Y$14="XBE-RY08B",'All data map'!$F$1371:$J$1371, IF($Y$14="XBE-RY16A",'All data map'!$F$1372:$J$1372, IF($Y$14="XBE-DR16A",'All data map'!$F$1373:$J$1374, IF($Y$14="XBE-DN32A",'All data map'!$F$1375:$J$1376, IF($Y$14="XBF-AD04A",'All data map'!$F$1377:$J$1387, IF($Y$14="XBF-AD08A",'All data map'!$F$1388:$J$1422, IF($Y$14="XBF-AD04C",'All data map'!$F$1423:$J$1453, IF($Y$14="XBF-DV04A",'All data map'!$F$1454:$J$1470, IF($Y$14="XBF-DC04A",'All data map'!$F$1471:$J$1487, IF($Y$14="XBF-DC04B",'All data map'!$F$1488:$J$1504, IF($Y$14="XBF-DV04C",'All data map'!$F$1505:$J$1525, IF($Y$14="XBF-DC04C",'All data map'!$F$1526:$J$1550, IF($Y$14="XBF-AH04A",'All data map'!$F$1551:$J$1570, IF($Y$14="XBF-RD04A",'All data map'!$F$1571:$J$1590, IF($Y$14="XBF-RD01A",'All data map'!$F$1591:$J$1604, IF($Y$14="XBF-TC04B",'All data map'!$F$1605:$J$1650, IF($Y$14="XBF-TC04S",'All data map'!$F$1651:$J$1696, IF($Y$14="XBF-LD02S",'All data map'!$F$1697:$J$1805, IF($Y$14="XBF-HO02A",'All data map'!$F$1806:$J$1866, IF($Y$14="XBF-HD02A",'All data map'!$F$1867:$J$1927,IF($Y$14="Header",'All data map'!$F$2063:$J$2075,))))))))))))))))))))))))))))))))),BH16,FALSE),"-") -> Temperature input module: H/W error Flag | BB16: 7 | BC16: 7 | BD16: 7 | BE16: 7 | BF16: 7 | BG16: 7 | BH16: 7 | BI16: 7 | BJ16: 7 | BK16: 7 | BL16: 7 | BM16: 7 | BN16: 7 | BO16: 7 | BP16: 7 | BQ16: 7 | BR16: 7
B17: 6 | C17: XBF-TC04S | D17: =IFERROR(VLOOKUP(C17,'refresh size'!C:E,2,FALSE),0) -> 40 | E17: =IFERROR(VLOOKUP(C17,'refresh size'!C:E,3,FALSE),0) -> 2 | F17: =IF(LEN(C17)>0,IF(D17>0,MAX(F$10:F16)+D17,"-"),"-") -> 104 | G17: =IF(LEN(C17)>0,IF(E17>0,MAX(G$10:G16)+E17,0),0) -> 24 | H17: =B17*8 -> 48 | I17: =B17*8 -> 48 | J17: =B17*64 -> 384 | K17: =IFERROR(F17-D17,0) -> 64 | L17: =IFERROR(G17-E17,0) -> 22 | M17: =$M$9 -> MW | N17: =IF(D17,IF(D17,$N$9+(K17/2),0),"-") -> 32 | O17: =$M$9 -> MW | P17: =IF(E17,IF(E17,$P$9+(L17/2),0),"-") -> 111 | Q17: =IF(D17<>0,"H302"&TEXT(DEC2HEX(K17/2,2),"00"),0) -> H30220 | R17: =D17/2 -> 20 | S17: =IF(E17<>0,"H402"&TEXT(DEC2HEX(L17/2,2),"00"),0) -> H4020B | T17: =E17/2 -> 1 | U17: =IF(D17<>0,"305"&TEXT(K17/2+12+$V$5,"00"),0) -> 30544 | V17: =D17/2 -> 20 | W17: =IF(E17<>0,"405"&TEXT(L17/2+12+$V$5,"00"),0) -> 40523 | X17: =E17/2 -> 1 | Y17: Input Count | Z17: =IFERROR(HLOOKUP(VLOOKUP((VLOOKUP($Y$10,$B$10:$C$22,2,FALSE)),'All data map'!$C$1:$J$3005,4,FALSE),IF($Y$14="XBE-DC08A",'All data map'!$F$1359:$J$1359, IF($Y$14="XBE-DC16A",'All data map'!$F$1360:$J$1360, IF($Y$14="XBE-DC16B",'All data map'!$F$1361:$J$1361, IF($Y$14="XBE-DC32A",'All data map'!$F$1362:$J$1362, IF($Y$14="XBE-AC08A",'All data map'!$F$1363:$J$1363, IF($Y$14="XBE-TN08A",'All data map'!$F$1364:$J$1364, IF($Y$14="XBE-TP08A",'All data map'!$F$1365:$J$1365, IF($Y$14="XBE-TN16A",'All data map'!$F$1366:$J$1366, IF($Y$14="XBE-TP16A",'All data map'!$F$1367:$J$1367, IF($Y$14="XBE-TN32A",'All data map'!$F$1368:$J$1368, IF($Y$14="XBE-TP32A",'All data map'!$F$1369:$J$1369, IF($Y$14="XBE-RY08A",'All data map'!$F$1370:$J$1370, IF($Y$14="XBE-RY08B",'All data map'!$F$1371:$J$1371, IF($Y$14="XBE-RY16A",'All data map'!$F$1372:$J$1372, IF($Y$14="XBE-DR16A",'All data map'!$F$1373:$J$1374, IF($Y$14="XBE-DN32A",'All data map'!$F$1375:$J$1376, IF($Y$14="XBF-AD04A",'All data map'!$F$1377:$J$1387, IF($Y$14="XBF-AD08A",'All data map'!$F$1388:$J$1422, IF($Y$14="XBF-AD04C",'All data map'!$F$1423:$J$1453, IF($Y$14="XBF-DV04A",'All data map'!$F$1454:$J$1470, IF($Y$14="XBF-DC04A",'All data map'!$F$1471:$J$1487, IF($Y$14="XBF-DC04B",'All data map'!$F$1488:$J$1504, IF($Y$14="XBF-DV04C",'All data map'!$F$1505:$J$1525, IF($Y$14="XBF-DC04C",'All data map'!$F$1526:$J$1550, IF($Y$14="XBF-AH04A",'All data map'!$F$1551:$J$1570, IF($Y$14="XBF-RD04A",'All data map'!$F$1571:$J$1590, IF($Y$14="XBF-RD01A",'All data map'!$F$1591:$J$1604, IF($Y$14="XBF-TC04B",'All data map'!$F$1605:$J$1650, IF($Y$14="XBF-TC04S",'All data map'!$F$1651:$J$1696, IF($Y$14="XBF-LD02S",'All data map'!$F$1697:$J$1805, IF($Y$14="XBF-HO02A",'All data map'!$F$1806:$J$1866, IF($Y$14="XBF-HD02A",'All data map'!$F$1867:$J$1927,IF($Y$14="Header",'All data map'!$F$2063:$J$2075,))))))))))))))))))))))))))))))))),BD17,FALSE),"-") -> Input | AA17: =IFERROR(HLOOKUP(VLOOKUP((VLOOKUP($Y$10,$B$10:$C$22,2,FALSE)),'All data map'!$C$1:$J$3005,5,FALSE),IF($Y$14="XBE-DC08A",'All data map'!$F$1359:$J$1359, IF($Y$14="XBE-DC16A",'All data map'!$F$1360:$J$1360, IF($Y$14="XBE-DC16B",'All data map'!$F$1361:$J$1361, IF($Y$14="XBE-DC32A",'All data map'!$F$1362:$J$1362, IF($Y$14="XBE-AC08A",'All data map'!$F$1363:$J$1363, IF($Y$14="XBE-TN08A",'All data map'!$F$1364:$J$1364, IF($Y$14="XBE-TP08A",'All data map'!$F$1365:$J$1365, IF($Y$14="XBE-TN16A",'All data map'!$F$1366:$J$1366, IF($Y$14="XBE-TP16A",'All data map'!$F$1367:$J$1367, IF($Y$14="XBE-TN32A",'All data map'!$F$1368:$J$1368, IF($Y$14="XBE-TP32A",'All data map'!$F$1369:$J$1369, IF($Y$14="XBE-RY08A",'All data map'!$F$1370:$J$1370, IF($Y$14="XBE-RY08B",'All data map'!$F$1371:$J$1371, IF($Y$14="XBE-RY16A",'All data map'!$F$1372:$J$1372, IF($Y$14="XBE-DR16A",'All data map'!$F$1373:$J$1374, IF($Y$14="XBE-DN32A",'All data map'!$F$1375:$J$1376, IF($Y$14="XBF-AD04A",'All data map'!$F$1377:$J$1387, IF($Y$14="XBF-AD08A",'All data map'!$F$1388:$J$1422, IF($Y$14="XBF-AD04C",'All data map'!$F$1423:$J$1453, IF($Y$14="XBF-DV04A",'All data map'!$F$1454:$J$1470, IF($Y$14="XBF-DC04A",'All data map'!$F$1471:$J$1487, IF($Y$14="XBF-DC04B",'All data map'!$F$1488:$J$1504, IF($Y$14="XBF-DV04C",'All data map'!$F$1505:$J$1525, IF($Y$14="XBF-DC04C",'All data map'!$F$1526:$J$1550, IF($Y$14="XBF-AH04A",'All data map'!$F$1551:$J$1570, IF($Y$14="XBF-RD04A",'All data map'!$F$1571:$J$1590, IF($Y$14="XBF-RD01A",'All data map'!$F$1591:$J$1604, IF($Y$14="XBF-TC04B",'All data map'!$F$1605:$J$1650, IF($Y$14="XBF-TC04S",'All data map'!$F$1651:$J$1696, IF($Y$14="XBF-LD02S",'All data map'!$F$1697:$J$1805, IF($Y$14="XBF-HO02A",'All data map'!$F$1806:$J$1866, IF($Y$14="XBF-HD02A",'All data map'!$F$1867:$J$1927,IF($Y$14="Header",'All data map'!$F$2063:$H$2075,0))))))))))))))))))))))))))))))))),BE17,FALSE),"-") -> XBF-TC04B_RDY | AB17: =IFERROR(HLOOKUP(VLOOKUP((VLOOKUP($Y$10,$B$10:$C$22,2,FALSE)),'All data map'!$C$1:$J$3005,6,FALSE),IF($Y$14="XBE-DC08A",'All data map'!$F$1359:$J$1359, IF($Y$14="XBE-DC16A",'All data map'!$F$1360:$J$1360, IF($Y$14="XBE-DC16B",'All data map'!$F$1361:$J$1361, IF($Y$14="XBE-DC32A",'All data map'!$F$1362:$J$1362, IF($Y$14="XBE-AC08A",'All data map'!$F$1363:$J$1363, IF($Y$14="XBE-TN08A",'All data map'!$F$1364:$J$1364, IF($Y$14="XBE-TP08A",'All data map'!$F$1365:$J$1365, IF($Y$14="XBE-TN16A",'All data map'!$F$1366:$J$1366, IF($Y$14="XBE-TP16A",'All data map'!$F$1367:$J$1367, IF($Y$14="XBE-TN32A",'All data map'!$F$1368:$J$1368, IF($Y$14="XBE-TP32A",'All data map'!$F$1369:$J$1369, IF($Y$14="XBE-RY08A",'All data map'!$F$1370:$J$1370, IF($Y$14="XBE-RY08B",'All data map'!$F$1371:$J$1371, IF($Y$14="XBE-RY16A",'All data map'!$F$1372:$J$1372, IF($Y$14="XBE-DR16A",'All data map'!$F$1373:$J$1374, IF($Y$14="XBE-DN32A",'All data map'!$F$1375:$J$1376, IF($Y$14="XBF-AD04A",'All data map'!$F$1377:$J$1387, IF($Y$14="XBF-AD08A",'All data map'!$F$1388:$J$1422, IF($Y$14="XBF-AD04C",'All data map'!$F$1423:$J$1453, IF($Y$14="XBF-DV04A",'All data map'!$F$1454:$J$1470, IF($Y$14="XBF-DC04A",'All data map'!$F$1471:$J$1487, IF($Y$14="XBF-DC04B",'All data map'!$F$1488:$J$1504, IF($Y$14="XBF-DV04C",'All data map'!$F$1505:$J$1525, IF($Y$14="XBF-DC04C",'All data map'!$F$1526:$J$1550, IF($Y$14="XBF-AH04A",'All data map'!$F$1551:$J$1570, IF($Y$14="XBF-RD04A",'All data map'!$F$1571:$J$1590, IF($Y$14="XBF-RD01A",'All data map'!$F$1591:$J$1604, IF($Y$14="XBF-TC04B",'All data map'!$F$1605:$J$1650, IF($Y$14="XBF-TC04S",'All data map'!$F$1651:$J$1696, IF($Y$14="XBF-LD02S",'All data map'!$F$1697:$J$1805, IF($Y$14="XBF-HO02A",'All data map'!$F$1806:$J$1866, IF($Y$14="XBF-HD02A",'All data map'!$F$1867:$J$1927,IF($Y$14="Header",'All data map'!$F$2063:$J$2075,))))))))))))))))))))))))))))))))),BF17,FALSE),"-") -> BIT | AC17: =IFERROR(HLOOKUP(VLOOKUP((VLOOKUP($Y$10,$B$10:$C$22,2,FALSE)),'All data map'!$C$1:$J$3005,7,FALSE),IF($Y$14="XBE-DC08A",'All data map'!$F$1359:$J$1359, IF($Y$14="XBE-DC16A",'All data map'!$F$1360:$J$1360, IF($Y$14="XBE-DC16B",'All data map'!$F$1361:$J$1361, IF($Y$14="XBE-DC32A",'All data map'!$F$1362:$J$1362, IF($Y$14="XBE-AC08A",'All data map'!$F$1363:$J$1363, IF($Y$14="XBE-TN08A",'All data map'!$F$1364:$J$1364, IF($Y$14="XBE-TP08A",'All data map'!$F$1365:$J$1365, IF($Y$14="XBE-TN16A",'All data map'!$F$1366:$J$1366, IF($Y$14="XBE-TP16A",'All data map'!$F$1367:$J$1367, IF($Y$14="XBE-TN32A",'All data map'!$F$1368:$J$1368, IF($Y$14="XBE-TP32A",'All data map'!$F$1369:$J$1369, IF($Y$14="XBE-RY08A",'All data map'!$F$1370:$J$1370, IF($Y$14="XBE-RY08B",'All data map'!$F$1371:$J$1371, IF($Y$14="XBE-RY16A",'All data map'!$F$1372:$J$1372, IF($Y$14="XBE-DR16A",'All data map'!$F$1373:$J$1374, IF($Y$14="XBE-DN32A",'All data map'!$F$1375:$J$1376, IF($Y$14="XBF-AD04A",'All data map'!$F$1377:$J$1387, IF($Y$14="XBF-AD08A",'All data map'!$F$1388:$J$1422, IF($Y$14="XBF-AD04C",'All data map'!$F$1423:$J$1453, IF($Y$14="XBF-DV04A",'All data map'!$F$1454:$J$1470, IF($Y$14="XBF-DC04A",'All data map'!$F$1471:$J$1487, IF($Y$14="XBF-DC04B",'All data map'!$F$1488:$J$1504, IF($Y$14="XBF-DV04C",'All data map'!$F$1505:$J$1525, IF($Y$14="XBF-DC04C",'All data map'!$F$1526:$J$1550, IF($Y$14="XBF-AH04A",'All data map'!$F$1551:$J$1570, IF($Y$14="XBF-RD04A",'All data map'!$F$1571:$J$1590, IF($Y$14="XBF-RD01A",'All data map'!$F$1591:$J$1604, IF($Y$14="XBF-TC04B",'All data map'!$F$1605:$J$1650, IF($Y$14="XBF-TC04S",'All data map'!$F$1651:$J$1696, IF($Y$14="XBF-LD02S",'All data map'!$F$1697:$J$1805, IF($Y$14="XBF-HO02A",'All data map'!$F$1806:$J$1866, IF($Y$14="XBF-HD02A",'All data map'!$F$1867:$J$1927,IF($Y$14="Header",'All data map'!$F$2063:$J$2075,))))))))))))))))))))))))))))))))),BG17,FALSE),"-") -> 0.F | AD17: =IFERROR(HLOOKUP(VLOOKUP((VLOOKUP($Y$10,$B$10:$C$22,2,FALSE)),'All data map'!$C$1:$J$3005,8,FALSE),IF($Y$14="XBE-DC08A",'All data map'!$F$1359:$J$1359, IF($Y$14="XBE-DC16A",'All data map'!$F$1360:$J$1360, IF($Y$14="XBE-DC16B",'All data map'!$F$1361:$J$1361, IF($Y$14="XBE-DC32A",'All data map'!$F$1362:$J$1362, IF($Y$14="XBE-AC08A",'All data map'!$F$1363:$J$1363, IF($Y$14="XBE-TN08A",'All data map'!$F$1364:$J$1364, IF($Y$14="XBE-TP08A",'All data map'!$F$1365:$J$1365, IF($Y$14="XBE-TN16A",'All data map'!$F$1366:$J$1366, IF($Y$14="XBE-TP16A",'All data map'!$F$1367:$J$1367, IF($Y$14="XBE-TN32A",'All data map'!$F$1368:$J$1368, IF($Y$14="XBE-TP32A",'All data map'!$F$1369:$J$1369, IF($Y$14="XBE-RY08A",'All data map'!$F$1370:$J$1370, IF($Y$14="XBE-RY08B",'All data map'!$F$1371:$J$1371, IF($Y$14="XBE-RY16A",'All data map'!$F$1372:$J$1372, IF($Y$14="XBE-DR16A",'All data map'!$F$1373:$J$1374, IF($Y$14="XBE-DN32A",'All data map'!$F$1375:$J$1376, IF($Y$14="XBF-AD04A",'All data map'!$F$1377:$J$1387, IF($Y$14="XBF-AD08A",'All data map'!$F$1388:$J$1422, IF($Y$14="XBF-AD04C",'All data map'!$F$1423:$J$1453, IF($Y$14="XBF-DV04A",'All data map'!$F$1454:$J$1470, IF($Y$14="XBF-DC04A",'All data map'!$F$1471:$J$1487, IF($Y$14="XBF-DC04B",'All data map'!$F$1488:$J$1504, IF($Y$14="XBF-DV04C",'All data map'!$F$1505:$J$1525, IF($Y$14="XBF-DC04C",'All data map'!$F$1526:$J$1550, IF($Y$14="XBF-AH04A",'All data map'!$F$1551:$J$1570, IF($Y$14="XBF-RD04A",'All data map'!$F$1571:$J$1590, IF($Y$14="XBF-RD01A",'All data map'!$F$1591:$J$1604, IF($Y$14="XBF-TC04B",'All data map'!$F$1605:$J$1650, IF($Y$14="XBF-TC04S",'All data map'!$F$1651:$J$1696, IF($Y$14="XBF-LD02S",'All data map'!$F$1697:$J$1805, IF($Y$14="XBF-HO02A",'All data map'!$F$1806:$J$1866, IF($Y$14="XBF-HD02A",'All data map'!$F$1867:$J$1927,IF($Y$14="Header",'All data map'!$F$2063:$J$2075,))))))))))))))))))))))))))))))))),BH17,FALSE),"-") -> Temperature input module : Module ready | BB17: 8 | BC17: 8 | BD17: 8 | BE17: 8 | BF17: 8 | BG17: 8 | BH17: 8 | BI17: 8 | BJ17: 8 | BK17: 8 | BL17: 8 | BM17: 8 | BN17: 8 | BO17: 8 | BP17: 8 | BQ17: 8 | BR17: 8
B18: 7 | C18: XBF-LD02S | D18: =IFERROR(VLOOKUP(C18,'refresh size'!C:E,2,FALSE),0) -> 58 | E18: =IFERROR(VLOOKUP(C18,'refresh size'!C:E,3,FALSE),0) -> 6 | F18: =IF(LEN(C18)>0,IF(D18>0,MAX(F$10:F17)+D18,"-"),"-") -> 162 | G18: =IF(LEN(C18)>0,IF(E18>0,MAX(G$10:G17)+E18,"-"),"-") -> 30 | H18: =B18*8 -> 56 | I18: =B18*8 -> 56 | J18: =B18*64 -> 448 | K18: =IFERROR(F18-D18,0) -> 104 | L18: =IFERROR(G18-E18,0) -> 24 | M18: =$M$9 -> MW | N18: =IF(D18,IF(D18,$N$9+(K18/2),0),"-") -> 52 | O18: =$M$9 -> MW | P18: =IF(E18,IF(E18,$P$9+(L18/2),0),"-") -> 112 | Q18: =IF(D18<>0,"H302"&TEXT(DEC2HEX(K18/2,2),"00"),0) -> H30234 | R18: =D18/2 -> 29 | S18: =IF(E18<>0,"H402"&TEXT(DEC2HEX(L18/2,2),"00"),0) -> H4020C | T18: =E18/2 -> 3 | U18: =IF(D18<>0,"305"&TEXT(K18/2+12+$V$5,"00"),0) -> 30564 | V18: =D18/2 -> 29 | W18: =IF(E18<>0,"405"&TEXT(L18/2+12+$V$5,"00"),0) -> 40524 | X18: =E18/2 -> 3 | Y18: =IFERROR(IFERROR(VLOOKUP(Y14,'All data map'!$C$2:$O$2062,11,FALSE),VLOOKUP(Y14,'All data map'!$C$2063:$O$2075,11,FALSE)),"-") -> 38 | Z18: =IFERROR(HLOOKUP(VLOOKUP((VLOOKUP($Y$10,$B$10:$C$22,2,FALSE)),'All data map'!$C$1:$J$3005,4,FALSE),IF($Y$14="XBE-DC08A",'All data map'!$F$1359:$J$1359, IF($Y$14="XBE-DC16A",'All data map'!$F$1360:$J$1360, IF($Y$14="XBE-DC16B",'All data map'!$F$1361:$J$1361, IF($Y$14="XBE-DC32A",'All data map'!$F$1362:$J$1362, IF($Y$14="XBE-AC08A",'All data map'!$F$1363:$J$1363, IF($Y$14="XBE-TN08A",'All data map'!$F$1364:$J$1364, IF($Y$14="XBE-TP08A",'All data map'!$F$1365:$J$1365, IF($Y$14="XBE-TN16A",'All data map'!$F$1366:$J$1366, IF($Y$14="XBE-TP16A",'All data map'!$F$1367:$J$1367, IF($Y$14="XBE-TN32A",'All data map'!$F$1368:$J$1368, IF($Y$14="XBE-TP32A",'All data map'!$F$1369:$J$1369, IF($Y$14="XBE-RY08A",'All data map'!$F$1370:$J$1370, IF($Y$14="XBE-RY08B",'All data map'!$F$1371:$J$1371, IF($Y$14="XBE-RY16A",'All data map'!$F$1372:$J$1372, IF($Y$14="XBE-DR16A",'All data map'!$F$1373:$J$1374, IF($Y$14="XBE-DN32A",'All data map'!$F$1375:$J$1376, IF($Y$14="XBF-AD04A",'All data map'!$F$1377:$J$1387, IF($Y$14="XBF-AD08A",'All data map'!$F$1388:$J$1422, IF($Y$14="XBF-AD04C",'All data map'!$F$1423:$J$1453, IF($Y$14="XBF-DV04A",'All data map'!$F$1454:$J$1470, IF($Y$14="XBF-DC04A",'All data map'!$F$1471:$J$1487, IF($Y$14="XBF-DC04B",'All data map'!$F$1488:$J$1504, IF($Y$14="XBF-DV04C",'All data map'!$F$1505:$J$1525, IF($Y$14="XBF-DC04C",'All data map'!$F$1526:$J$1550, IF($Y$14="XBF-AH04A",'All data map'!$F$1551:$J$1570, IF($Y$14="XBF-RD04A",'All data map'!$F$1571:$J$1590, IF($Y$14="XBF-RD01A",'All data map'!$F$1591:$J$1604, IF($Y$14="XBF-TC04B",'All data map'!$F$1605:$J$1650, IF($Y$14="XBF-TC04S",'All data map'!$F$1651:$J$1696, IF($Y$14="XBF-LD02S",'All data map'!$F$1697:$J$1805, IF($Y$14="XBF-HO02A",'All data map'!$F$1806:$J$1866, IF($Y$14="XBF-HD02A",'All data map'!$F$1867:$J$1927,IF($Y$14="Header",'All data map'!$F$2063:$J$2075,))))))))))))))))))))))))))))))))),BD18,FALSE),"-") -> Input | AA18: =IFERROR(HLOOKUP(VLOOKUP((VLOOKUP($Y$10,$B$10:$C$22,2,FALSE)),'All data map'!$C$1:$J$3005,5,FALSE),IF($Y$14="XBE-DC08A",'All data map'!$F$1359:$J$1359, IF($Y$14="XBE-DC16A",'All data map'!$F$1360:$J$1360, IF($Y$14="XBE-DC16B",'All data map'!$F$1361:$J$1361, IF($Y$14="XBE-DC32A",'All data map'!$F$1362:$J$1362, IF($Y$14="XBE-AC08A",'All data map'!$F$1363:$J$1363, IF($Y$14="XBE-TN08A",'All data map'!$F$1364:$J$1364, IF($Y$14="XBE-TP08A",'All data map'!$F$1365:$J$1365, IF($Y$14="XBE-TN16A",'All data map'!$F$1366:$J$1366, IF($Y$14="XBE-TP16A",'All data map'!$F$1367:$J$1367, IF($Y$14="XBE-TN32A",'All data map'!$F$1368:$J$1368, IF($Y$14="XBE-TP32A",'All data map'!$F$1369:$J$1369, IF($Y$14="XBE-RY08A",'All data map'!$F$1370:$J$1370, IF($Y$14="XBE-RY08B",'All data map'!$F$1371:$J$1371, IF($Y$14="XBE-RY16A",'All data map'!$F$1372:$J$1372, IF($Y$14="XBE-DR16A",'All data map'!$F$1373:$J$1374, IF($Y$14="XBE-DN32A",'All data map'!$F$1375:$J$1376, IF($Y$14="XBF-AD04A",'All data map'!$F$1377:$J$1387, IF($Y$14="XBF-AD08A",'All data map'!$F$1388:$J$1422, IF($Y$14="XBF-AD04C",'All data map'!$F$1423:$J$1453, IF($Y$14="XBF-DV04A",'All data map'!$F$1454:$J$1470, IF($Y$14="XBF-DC04A",'All data map'!$F$1471:$J$1487, IF($Y$14="XBF-DC04B",'All data map'!$F$1488:$J$1504, IF($Y$14="XBF-DV04C",'All data map'!$F$1505:$J$1525, IF($Y$14="XBF-DC04C",'All data map'!$F$1526:$J$1550, IF($Y$14="XBF-AH04A",'All data map'!$F$1551:$J$1570, IF($Y$14="XBF-RD04A",'All data map'!$F$1571:$J$1590, IF($Y$14="XBF-RD01A",'All data map'!$F$1591:$J$1604, IF($Y$14="XBF-TC04B",'All data map'!$F$1605:$J$1650, IF($Y$14="XBF-TC04S",'All data map'!$F$1651:$J$1696, IF($Y$14="XBF-LD02S",'All data map'!$F$1697:$J$1805, IF($Y$14="XBF-HO02A",'All data map'!$F$1806:$J$1866, IF($Y$14="XBF-HD02A",'All data map'!$F$1867:$J$1927,IF($Y$14="Header",'All data map'!$F$2063:$H$2075,0))))))))))))))))))))))))))))))))),BE18,FALSE),"-") -> XBF-TC04B_CH0_ACT | AB18: =IFERROR(HLOOKUP(VLOOKUP((VLOOKUP($Y$10,$B$10:$C$22,2,FALSE)),'All data map'!$C$1:$J$3005,6,FALSE),IF($Y$14="XBE-DC08A",'All data map'!$F$1359:$J$1359, IF($Y$14="XBE-DC16A",'All data map'!$F$1360:$J$1360, IF($Y$14="XBE-DC16B",'All data map'!$F$1361:$J$1361, IF($Y$14="XBE-DC32A",'All data map'!$F$1362:$J$1362, IF($Y$14="XBE-AC08A",'All data map'!$F$1363:$J$1363, IF($Y$14="XBE-TN08A",'All data map'!$F$1364:$J$1364, IF($Y$14="XBE-TP08A",'All data map'!$F$1365:$J$1365, IF($Y$14="XBE-TN16A",'All data map'!$F$1366:$J$1366, IF($Y$14="XBE-TP16A",'All data map'!$F$1367:$J$1367, IF($Y$14="XBE-TN32A",'All data map'!$F$1368:$J$1368, IF($Y$14="XBE-TP32A",'All data map'!$F$1369:$J$1369, IF($Y$14="XBE-RY08A",'All data map'!$F$1370:$J$1370, IF($Y$14="XBE-RY08B",'All data map'!$F$1371:$J$1371, IF($Y$14="XBE-RY16A",'All data map'!$F$1372:$J$1372, IF($Y$14="XBE-DR16A",'All data map'!$F$1373:$J$1374, IF($Y$14="XBE-DN32A",'All data map'!$F$1375:$J$1376, IF($Y$14="XBF-AD04A",'All data map'!$F$1377:$J$1387, IF($Y$14="XBF-AD08A",'All data map'!$F$1388:$J$1422, IF($Y$14="XBF-AD04C",'All data map'!$F$1423:$J$1453, IF($Y$14="XBF-DV04A",'All data map'!$F$1454:$J$1470, IF($Y$14="XBF-DC04A",'All data map'!$F$1471:$J$1487, IF($Y$14="XBF-DC04B",'All data map'!$F$1488:$J$1504, IF($Y$14="XBF-DV04C",'All data map'!$F$1505:$J$1525, IF($Y$14="XBF-DC04C",'All data map'!$F$1526:$J$1550, IF($Y$14="XBF-AH04A",'All data map'!$F$1551:$J$1570, IF($Y$14="XBF-RD04A",'All data map'!$F$1571:$J$1590, IF($Y$14="XBF-RD01A",'All data map'!$F$1591:$J$1604, IF($Y$14="XBF-TC04B",'All data map'!$F$1605:$J$1650, IF($Y$14="XBF-TC04S",'All data map'!$F$1651:$J$1696, IF($Y$14="XBF-LD02S",'All data map'!$F$1697:$J$1805, IF($Y$14="XBF-HO02A",'All data map'!$F$1806:$J$1866, IF($Y$14="XBF-HD02A",'All data map'!$F$1867:$J$1927,IF($Y$14="Header",'All data map'!$F$2063:$J$2075,))))))))))))))))))))))))))))))))),BF18,FALSE),"-") -> BIT | AC18: =IFERROR(HLOOKUP(VLOOKUP((VLOOKUP($Y$10,$B$10:$C$22,2,FALSE)),'All data map'!$C$1:$J$3005,7,FALSE),IF($Y$14="XBE-DC08A",'All data map'!$F$1359:$J$1359, IF($Y$14="XBE-DC16A",'All data map'!$F$1360:$J$1360, IF($Y$14="XBE-DC16B",'All data map'!$F$1361:$J$1361, IF($Y$14="XBE-DC32A",'All data map'!$F$1362:$J$1362, IF($Y$14="XBE-AC08A",'All data map'!$F$1363:$J$1363, IF($Y$14="XBE-TN08A",'All data map'!$F$1364:$J$1364, IF($Y$14="XBE-TP08A",'All data map'!$F$1365:$J$1365, IF($Y$14="XBE-TN16A",'All data map'!$F$1366:$J$1366, IF($Y$14="XBE-TP16A",'All data map'!$F$1367:$J$1367, IF($Y$14="XBE-TN32A",'All data map'!$F$1368:$J$1368, IF($Y$14="XBE-TP32A",'All data map'!$F$1369:$J$1369, IF($Y$14="XBE-RY08A",'All data map'!$F$1370:$J$1370, IF($Y$14="XBE-RY08B",'All data map'!$F$1371:$J$1371, IF($Y$14="XBE-RY16A",'All data map'!$F$1372:$J$1372, IF($Y$14="XBE-DR16A",'All data map'!$F$1373:$J$1374, IF($Y$14="XBE-DN32A",'All data map'!$F$1375:$J$1376, IF($Y$14="XBF-AD04A",'All data map'!$F$1377:$J$1387, IF($Y$14="XBF-AD08A",'All data map'!$F$1388:$J$1422, IF($Y$14="XBF-AD04C",'All data map'!$F$1423:$J$1453, IF($Y$14="XBF-DV04A",'All data map'!$F$1454:$J$1470, IF($Y$14="XBF-DC04A",'All data map'!$F$1471:$J$1487, IF($Y$14="XBF-DC04B",'All data map'!$F$1488:$J$1504, IF($Y$14="XBF-DV04C",'All data map'!$F$1505:$J$1525, IF($Y$14="XBF-DC04C",'All data map'!$F$1526:$J$1550, IF($Y$14="XBF-AH04A",'All data map'!$F$1551:$J$1570, IF($Y$14="XBF-RD04A",'All data map'!$F$1571:$J$1590, IF($Y$14="XBF-RD01A",'All data map'!$F$1591:$J$1604, IF($Y$14="XBF-TC04B",'All data map'!$F$1605:$J$1650, IF($Y$14="XBF-TC04S",'All data map'!$F$1651:$J$1696, IF($Y$14="XBF-LD02S",'All data map'!$F$1697:$J$1805, IF($Y$14="XBF-HO02A",'All data map'!$F$1806:$J$1866, IF($Y$14="XBF-HD02A",'All data map'!$F$1867:$J$1927,IF($Y$14="Header",'All data map'!$F$2063:$J$2075,))))))))))))))))))))))))))))))))),BG18,FALSE),"-") -> 1 | AD18: =IFERROR(HLOOKUP(VLOOKUP((VLOOKUP($Y$10,$B$10:$C$22,2,FALSE)),'All data map'!$C$1:$J$3005,8,FALSE),IF($Y$14="XBE-DC08A",'All data map'!$F$1359:$J$1359, IF($Y$14="XBE-DC16A",'All data map'!$F$1360:$J$1360, IF($Y$14="XBE-DC16B",'All data map'!$F$1361:$J$1361, IF($Y$14="XBE-DC32A",'All data map'!$F$1362:$J$1362, IF($Y$14="XBE-AC08A",'All data map'!$F$1363:$J$1363, IF($Y$14="XBE-TN08A",'All data map'!$F$1364:$J$1364, IF($Y$14="XBE-TP08A",'All data map'!$F$1365:$J$1365, IF($Y$14="XBE-TN16A",'All data map'!$F$1366:$J$1366, IF($Y$14="XBE-TP16A",'All data map'!$F$1367:$J$1367, IF($Y$14="XBE-TN32A",'All data map'!$F$1368:$J$1368, IF($Y$14="XBE-TP32A",'All data map'!$F$1369:$J$1369, IF($Y$14="XBE-RY08A",'All data map'!$F$1370:$J$1370, IF($Y$14="XBE-RY08B",'All data map'!$F$1371:$J$1371, IF($Y$14="XBE-RY16A",'All data map'!$F$1372:$J$1372, IF($Y$14="XBE-DR16A",'All data map'!$F$1373:$J$1374, IF($Y$14="XBE-DN32A",'All data map'!$F$1375:$J$1376, IF($Y$14="XBF-AD04A",'All data map'!$F$1377:$J$1387, IF($Y$14="XBF-AD08A",'All data map'!$F$1388:$J$1422, IF($Y$14="XBF-AD04C",'All data map'!$F$1423:$J$1453, IF($Y$14="XBF-DV04A",'All data map'!$F$1454:$J$1470, IF($Y$14="XBF-DC04A",'All data map'!$F$1471:$J$1487, IF($Y$14="XBF-DC04B",'All data map'!$F$1488:$J$1504, IF($Y$14="XBF-DV04C",'All data map'!$F$1505:$J$1525, IF($Y$14="XBF-DC04C",'All data map'!$F$1526:$J$1550, IF($Y$14="XBF-AH04A",'All data map'!$F$1551:$J$1570, IF($Y$14="XBF-RD04A",'All data map'!$F$1571:$J$1590, IF($Y$14="XBF-RD01A",'All data map'!$F$1591:$J$1604, IF($Y$14="XBF-TC04B",'All data map'!$F$1605:$J$1650, IF($Y$14="XBF-TC04S",'All data map'!$F$1651:$J$1696, IF($Y$14="XBF-LD02S",'All data map'!$F$1697:$J$1805, IF($Y$14="XBF-HO02A",'All data map'!$F$1806:$J$1866, IF($Y$14="XBF-HD02A",'All data map'!$F$1867:$J$1927,IF($Y$14="Header",'All data map'!$F$2063:$J$2075,))))))))))))))))))))))))))))))))),BH18,FALSE),"-") -> Temperature input module : Channel 0 RUN | BB18: 9 | BC18: 9 | BD18: 9 | BE18: 9 | BF18: 9 | BG18: 9 | BH18: 9 | BI18: 9 | BJ18: 9 | BK18: 9 | BL18: 9 | BM18: 9 | BN18: 9 | BO18: 9 | BP18: 9 | BQ18: 9 | BR18: 9
B19: 8 | D19: =IFERROR(VLOOKUP(C19,'refresh size'!C:E,2,FALSE),0) -> 0 | E19: =IFERROR(VLOOKUP(C19,'refresh size'!C:E,3,FALSE),0) -> 0 | F19: =IF(LEN(C19)>0,IF(D19>0,MAX(F$10:F18)+D19,"-"),"-") -> - | G19: =IF(LEN(C19)>0,IF(E19>0,MAX(G$10:G18)+E19,"-"),"-") -> - | H19: =B19*8 -> 64 | I19: =B19*8 -> 64 | J19: =B19*64 -> 512 | K19: =IFERROR(F19-D19,0) -> 0 | L19: =IFERROR(G19-E19,0) -> 0 | M19: =$M$9 -> MW | N19: =IF(D19,IF(D19,$N$9+(K19/2),0),"-") -> - | O19: =$M$9 -> MW | P19: =IF(E19,IF(E19,$P$9+(L19/2),0),"-") -> - | Q19: =IF(D19<>0,"H302"&TEXT(DEC2HEX(K19/2,2),"00"),0) -> 0 | R19: =D19/2 -> 0 | S19: =IF(E19<>0,"H402"&TEXT(DEC2HEX(L19/2,2),"00"),0) -> 0 | T19: =E19/2 -> 0 | U19: =IF(D19<>0,"305"&TEXT(K19/2+12+$V$5,"00"),0) -> 0 | V19: =D19/2 -> 0 | W19: =IF(E19<>0,"405"&TEXT(L19/2+12+$V$5,"00"),0) -> 0 | X19: =E19/2 -> 0 | Y19: Output Count | Z19: =IFERROR(HLOOKUP(VLOOKUP((VLOOKUP($Y$10,$B$10:$C$22,2,FALSE)),'All data map'!$C$1:$J$3005,4,FALSE),IF($Y$14="XBE-DC08A",'All data map'!$F$1359:$J$1359, IF($Y$14="XBE-DC16A",'All data map'!$F$1360:$J$1360, IF($Y$14="XBE-DC16B",'All data map'!$F$1361:$J$1361, IF($Y$14="XBE-DC32A",'All data map'!$F$1362:$J$1362, IF($Y$14="XBE-AC08A",'All data map'!$F$1363:$J$1363, IF($Y$14="XBE-TN08A",'All data map'!$F$1364:$J$1364, IF($Y$14="XBE-TP08A",'All data map'!$F$1365:$J$1365, IF($Y$14="XBE-TN16A",'All data map'!$F$1366:$J$1366, IF($Y$14="XBE-TP16A",'All data map'!$F$1367:$J$1367, IF($Y$14="XBE-TN32A",'All data map'!$F$1368:$J$1368, IF($Y$14="XBE-TP32A",'All data map'!$F$1369:$J$1369, IF($Y$14="XBE-RY08A",'All data map'!$F$1370:$J$1370, IF($Y$14="XBE-RY08B",'All data map'!$F$1371:$J$1371, IF($Y$14="XBE-RY16A",'All data map'!$F$1372:$J$1372, IF($Y$14="XBE-DR16A",'All data map'!$F$1373:$J$1374, IF($Y$14="XBE-DN32A",'All data map'!$F$1375:$J$1376, IF($Y$14="XBF-AD04A",'All data map'!$F$1377:$J$1387, IF($Y$14="XBF-AD08A",'All data map'!$F$1388:$J$1422, IF($Y$14="XBF-AD04C",'All data map'!$F$1423:$J$1453, IF($Y$14="XBF-DV04A",'All data map'!$F$1454:$J$1470, IF($Y$14="XBF-DC04A",'All data map'!$F$1471:$J$1487, IF($Y$14="XBF-DC04B",'All data map'!$F$1488:$J$1504, IF($Y$14="XBF-DV04C",'All data map'!$F$1505:$J$1525, IF($Y$14="XBF-DC04C",'All data map'!$F$1526:$J$1550, IF($Y$14="XBF-AH04A",'All data map'!$F$1551:$J$1570, IF($Y$14="XBF-RD04A",'All data map'!$F$1571:$J$1590, IF($Y$14="XBF-RD01A",'All data map'!$F$1591:$J$1604, IF($Y$14="XBF-TC04B",'All data map'!$F$1605:$J$1650, IF($Y$14="XBF-TC04S",'All data map'!$F$1651:$J$1696, IF($Y$14="XBF-LD02S",'All data map'!$F$1697:$J$1805, IF($Y$14="XBF-HO02A",'All data map'!$F$1806:$J$1866, IF($Y$14="XBF-HD02A",'All data map'!$F$1867:$J$1927,IF($Y$14="Header",'All data map'!$F$2063:$J$2075,))))))))))))))))))))))))))))))))),BD19,FALSE),"-") -> Input | AA19: =IFERROR(HLOOKUP(VLOOKUP((VLOOKUP($Y$10,$B$10:$C$22,2,FALSE)),'All data map'!$C$1:$J$3005,5,FALSE),IF($Y$14="XBE-DC08A",'All data map'!$F$1359:$J$1359, IF($Y$14="XBE-DC16A",'All data map'!$F$1360:$J$1360, IF($Y$14="XBE-DC16B",'All data map'!$F$1361:$J$1361, IF($Y$14="XBE-DC32A",'All data map'!$F$1362:$J$1362, IF($Y$14="XBE-AC08A",'All data map'!$F$1363:$J$1363, IF($Y$14="XBE-TN08A",'All data map'!$F$1364:$J$1364, IF($Y$14="XBE-TP08A",'All data map'!$F$1365:$J$1365, IF($Y$14="XBE-TN16A",'All data map'!$F$1366:$J$1366, IF($Y$14="XBE-TP16A",'All data map'!$F$1367:$J$1367, IF($Y$14="XBE-TN32A",'All data map'!$F$1368:$J$1368, IF($Y$14="XBE-TP32A",'All data map'!$F$1369:$J$1369, IF($Y$14="XBE-RY08A",'All data map'!$F$1370:$J$1370, IF($Y$14="XBE-RY08B",'All data map'!$F$1371:$J$1371, IF($Y$14="XBE-RY16A",'All data map'!$F$1372:$J$1372, IF($Y$14="XBE-DR16A",'All data map'!$F$1373:$J$1374, IF($Y$14="XBE-DN32A",'All data map'!$F$1375:$J$1376, IF($Y$14="XBF-AD04A",'All data map'!$F$1377:$J$1387, IF($Y$14="XBF-AD08A",'All data map'!$F$1388:$J$1422, IF($Y$14="XBF-AD04C",'All data map'!$F$1423:$J$1453, IF($Y$14="XBF-DV04A",'All data map'!$F$1454:$J$1470, IF($Y$14="XBF-DC04A",'All data map'!$F$1471:$J$1487, IF($Y$14="XBF-DC04B",'All data map'!$F$1488:$J$1504, IF($Y$14="XBF-DV04C",'All data map'!$F$1505:$J$1525, IF($Y$14="XBF-DC04C",'All data map'!$F$1526:$J$1550, IF($Y$14="XBF-AH04A",'All data map'!$F$1551:$J$1570, IF($Y$14="XBF-RD04A",'All data map'!$F$1571:$J$1590, IF($Y$14="XBF-RD01A",'All data map'!$F$1591:$J$1604, IF($Y$14="XBF-TC04B",'All data map'!$F$1605:$J$1650, IF($Y$14="XBF-TC04S",'All data map'!$F$1651:$J$1696, IF($Y$14="XBF-LD02S",'All data map'!$F$1697:$J$1805, IF($Y$14="XBF-HO02A",'All data map'!$F$1806:$J$1866, IF($Y$14="XBF-HD02A",'All data map'!$F$1867:$J$1927,IF($Y$14="Header",'All data map'!$F$2063:$H$2075,0))))))))))))))))))))))))))))))))),BE19,FALSE),"-") -> XBF-TC04B_CH1_ACT | AB19: =IFERROR(HLOOKUP(VLOOKUP((VLOOKUP($Y$10,$B$10:$C$22,2,FALSE)),'All data map'!$C$1:$J$3005,6,FALSE),IF($Y$14="XBE-DC08A",'All data map'!$F$1359:$J$1359, IF($Y$14="XBE-DC16A",'All data map'!$F$1360:$J$1360, IF($Y$14="XBE-DC16B",'All data map'!$F$1361:$J$1361, IF($Y$14="XBE-DC32A",'All data map'!$F$1362:$J$1362, IF($Y$14="XBE-AC08A",'All data map'!$F$1363:$J$1363, IF($Y$14="XBE-TN08A",'All data map'!$F$1364:$J$1364, IF($Y$14="XBE-TP08A",'All data map'!$F$1365:$J$1365, IF($Y$14="XBE-TN16A",'All data map'!$F$1366:$J$1366, IF($Y$14="XBE-TP16A",'All data map'!$F$1367:$J$1367, IF($Y$14="XBE-TN32A",'All data map'!$F$1368:$J$1368, IF($Y$14="XBE-TP32A",'All data map'!$F$1369:$J$1369, IF($Y$14="XBE-RY08A",'All data map'!$F$1370:$J$1370, IF($Y$14="XBE-RY08B",'All data map'!$F$1371:$J$1371, IF($Y$14="XBE-RY16A",'All data map'!$F$1372:$J$1372, IF($Y$14="XBE-DR16A",'All data map'!$F$1373:$J$1374, IF($Y$14="XBE-DN32A",'All data map'!$F$1375:$J$1376, IF($Y$14="XBF-AD04A",'All data map'!$F$1377:$J$1387, IF($Y$14="XBF-AD08A",'All data map'!$F$1388:$J$1422, IF($Y$14="XBF-AD04C",'All data map'!$F$1423:$J$1453, IF($Y$14="XBF-DV04A",'All data map'!$F$1454:$J$1470, IF($Y$14="XBF-DC04A",'All data map'!$F$1471:$J$1487, IF($Y$14="XBF-DC04B",'All data map'!$F$1488:$J$1504, IF($Y$14="XBF-DV04C",'All data map'!$F$1505:$J$1525, IF($Y$14="XBF-DC04C",'All data map'!$F$1526:$J$1550, IF($Y$14="XBF-AH04A",'All data map'!$F$1551:$J$1570, IF($Y$14="XBF-RD04A",'All data map'!$F$1571:$J$1590, IF($Y$14="XBF-RD01A",'All data map'!$F$1591:$J$1604, IF($Y$14="XBF-TC04B",'All data map'!$F$1605:$J$1650, IF($Y$14="XBF-TC04S",'All data map'!$F$1651:$J$1696, IF($Y$14="XBF-LD02S",'All data map'!$F$1697:$J$1805, IF($Y$14="XBF-HO02A",'All data map'!$F$1806:$J$1866, IF($Y$14="XBF-HD02A",'All data map'!$F$1867:$J$1927,IF($Y$14="Header",'All data map'!$F$2063:$J$2075,))))))))))))))))))))))))))))))))),BF19,FALSE),"-") -> BIT | AC19: =IFERROR(HLOOKUP(VLOOKUP((VLOOKUP($Y$10,$B$10:$C$22,2,FALSE)),'All data map'!$C$1:$J$3005,7,FALSE),IF($Y$14="XBE-DC08A",'All data map'!$F$1359:$J$1359, IF($Y$14="XBE-DC16A",'All data map'!$F$1360:$J$1360, IF($Y$14="XBE-DC16B",'All data map'!$F$1361:$J$1361, IF($Y$14="XBE-DC32A",'All data map'!$F$1362:$J$1362, IF($Y$14="XBE-AC08A",'All data map'!$F$1363:$J$1363, IF($Y$14="XBE-TN08A",'All data map'!$F$1364:$J$1364, IF($Y$14="XBE-TP08A",'All data map'!$F$1365:$J$1365, IF($Y$14="XBE-TN16A",'All data map'!$F$1366:$J$1366, IF($Y$14="XBE-TP16A",'All data map'!$F$1367:$J$1367, IF($Y$14="XBE-TN32A",'All data map'!$F$1368:$J$1368, IF($Y$14="XBE-TP32A",'All data map'!$F$1369:$J$1369, IF($Y$14="XBE-RY08A",'All data map'!$F$1370:$J$1370, IF($Y$14="XBE-RY08B",'All data map'!$F$1371:$J$1371, IF($Y$14="XBE-RY16A",'All data map'!$F$1372:$J$1372, IF($Y$14="XBE-DR16A",'All data map'!$F$1373:$J$1374, IF($Y$14="XBE-DN32A",'All data map'!$F$1375:$J$1376, IF($Y$14="XBF-AD04A",'All data map'!$F$1377:$J$1387, IF($Y$14="XBF-AD08A",'All data map'!$F$1388:$J$1422, IF($Y$14="XBF-AD04C",'All data map'!$F$1423:$J$1453, IF($Y$14="XBF-DV04A",'All data map'!$F$1454:$J$1470, IF($Y$14="XBF-DC04A",'All data map'!$F$1471:$J$1487, IF($Y$14="XBF-DC04B",'All data map'!$F$1488:$J$1504, IF($Y$14="XBF-DV04C",'All data map'!$F$1505:$J$1525, IF($Y$14="XBF-DC04C",'All data map'!$F$1526:$J$1550, IF($Y$14="XBF-AH04A",'All data map'!$F$1551:$J$1570, IF($Y$14="XBF-RD04A",'All data map'!$F$1571:$J$1590, IF($Y$14="XBF-RD01A",'All data map'!$F$1591:$J$1604, IF($Y$14="XBF-TC04B",'All data map'!$F$1605:$J$1650, IF($Y$14="XBF-TC04S",'All data map'!$F$1651:$J$1696, IF($Y$14="XBF-LD02S",'All data map'!$F$1697:$J$1805, IF($Y$14="XBF-HO02A",'All data map'!$F$1806:$J$1866, IF($Y$14="XBF-HD02A",'All data map'!$F$1867:$J$1927,IF($Y$14="Header",'All data map'!$F$2063:$J$2075,))))))))))))))))))))))))))))))))),BG19,FALSE),"-") -> 1.1 | AD19: =IFERROR(HLOOKUP(VLOOKUP((VLOOKUP($Y$10,$B$10:$C$22,2,FALSE)),'All data map'!$C$1:$J$3005,8,FALSE),IF($Y$14="XBE-DC08A",'All data map'!$F$1359:$J$1359, IF($Y$14="XBE-DC16A",'All data map'!$F$1360:$J$1360, IF($Y$14="XBE-DC16B",'All data map'!$F$1361:$J$1361, IF($Y$14="XBE-DC32A",'All data map'!$F$1362:$J$1362, IF($Y$14="XBE-AC08A",'All data map'!$F$1363:$J$1363, IF($Y$14="XBE-TN08A",'All data map'!$F$1364:$J$1364, IF($Y$14="XBE-TP08A",'All data map'!$F$1365:$J$1365, IF($Y$14="XBE-TN16A",'All data map'!$F$1366:$J$1366, IF($Y$14="XBE-TP16A",'All data map'!$F$1367:$J$1367, IF($Y$14="XBE-TN32A",'All data map'!$F$1368:$J$1368, IF($Y$14="XBE-TP32A",'All data map'!$F$1369:$J$1369, IF($Y$14="XBE-RY08A",'All data map'!$F$1370:$J$1370, IF($Y$14="XBE-RY08B",'All data map'!$F$1371:$J$1371, IF($Y$14="XBE-RY16A",'All data map'!$F$1372:$J$1372, IF($Y$14="XBE-DR16A",'All data map'!$F$1373:$J$1374, IF($Y$14="XBE-DN32A",'All data map'!$F$1375:$J$1376, IF($Y$14="XBF-AD04A",'All data map'!$F$1377:$J$1387, IF($Y$14="XBF-AD08A",'All data map'!$F$1388:$J$1422, IF($Y$14="XBF-AD04C",'All data map'!$F$1423:$J$1453, IF($Y$14="XBF-DV04A",'All data map'!$F$1454:$J$1470, IF($Y$14="XBF-DC04A",'All data map'!$F$1471:$J$1487, IF($Y$14="XBF-DC04B",'All data map'!$F$1488:$J$1504, IF($Y$14="XBF-DV04C",'All data map'!$F$1505:$J$1525, IF($Y$14="XBF-DC04C",'All data map'!$F$1526:$J$1550, IF($Y$14="XBF-AH04A",'All data map'!$F$1551:$J$1570, IF($Y$14="XBF-RD04A",'All data map'!$F$1571:$J$1590, IF($Y$14="XBF-RD01A",'All data map'!$F$1591:$J$1604, IF($Y$14="XBF-TC04B",'All data map'!$F$1605:$J$1650, IF($Y$14="XBF-TC04S",'All data map'!$F$1651:$J$1696, IF($Y$14="XBF-LD02S",'All data map'!$F$1697:$J$1805, IF($Y$14="XBF-HO02A",'All data map'!$F$1806:$J$1866, IF($Y$14="XBF-HD02A",'All data map'!$F$1867:$J$1927,IF($Y$14="Header",'All data map'!$F$2063:$J$2075,))))))))))))))))))))))))))))))))),BH19,FALSE),"-") -> Temperature input module : Channel 1 RUN | BB19: 10 | BC19: 10 | BD19: 10 | BE19: 10 | BF19: 10 | BG19: 10 | BH19: 10 | BI19: 10 | BJ19: 10 | BK19: 10 | BL19: 10 | BM19: 10 | BN19: 10 | BO19: 10 | BP19: 10 | BQ19: 10 | BR19: 10
B20: 9 | D20: =IFERROR(VLOOKUP(C20,'refresh size'!C:E,2,FALSE),0) -> 0 | E20: =IFERROR(VLOOKUP(C20,'refresh size'!C:E,3,FALSE),0) -> 0 | F20: =IF(LEN(C20)>0,IF(D20>0,MAX(F$10:F19)+D20,"-"),"-") -> - | G20: =IF(LEN(C20)>0,IF(E20>0,MAX(G$10:G19)+E20,"-"),"-") -> - | H20: =B20*8 -> 72 | I20: =B20*8 -> 72 | J20: =B20*64 -> 576 | K20: =IFERROR(F20-D20,0) -> 0 | L20: =IFERROR(G20-E20,0) -> 0 | M20: =$M$9 -> MW | N20: =IF(D20,IF(D20,$N$9+(K20/2),0),"-") -> - | O20: =$M$9 -> MW | P20: =IF(E20,IF(E20,$P$9+(L20/2),0),"-") -> - | Q20: =IF(D20<>0,"H302"&TEXT(DEC2HEX(K20/2,2),"00"),0) -> 0 | R20: =D20/2 -> 0 | S20: =IF(E20<>0,"H402"&TEXT(DEC2HEX(L20/2,2),"00"),0) -> 0 | T20: =E20/2 -> 0 | U20: =IF(D20<>0,"305"&TEXT(K20/2+12+$V$5,"00"),0) -> 0 | V20: =D20/2 -> 0 | W20: =IF(E20<>0,"405"&TEXT(L20/2+12+$V$5,"00"),0) -> 0 | X20: =E20/2 -> 0 | Y20: =IFERROR(IFERROR(VLOOKUP(Y14, 'All data map'!$C$2:$O$2062,12,FALSE), VLOOKUP(Y14, 'All data map'!$C$2063:$O$2075,12, FALSE)),"-") -> 8 | Z20: =IFERROR(HLOOKUP(VLOOKUP((VLOOKUP($Y$10,$B$10:$C$22,2,FALSE)),'All data map'!$C$1:$J$3005,4,FALSE),IF($Y$14="XBE-DC08A",'All data map'!$F$1359:$J$1359, IF($Y$14="XBE-DC16A",'All data map'!$F$1360:$J$1360, IF($Y$14="XBE-DC16B",'All data map'!$F$1361:$J$1361, IF($Y$14="XBE-DC32A",'All data map'!$F$1362:$J$1362, IF($Y$14="XBE-AC08A",'All data map'!$F$1363:$J$1363, IF($Y$14="XBE-TN08A",'All data map'!$F$1364:$J$1364, IF($Y$14="XBE-TP08A",'All data map'!$F$1365:$J$1365, IF($Y$14="XBE-TN16A",'All data map'!$F$1366:$J$1366, IF($Y$14="XBE-TP16A",'All data map'!$F$1367:$J$1367, IF($Y$14="XBE-TN32A",'All data map'!$F$1368:$J$1368, IF($Y$14="XBE-TP32A",'All data map'!$F$1369:$J$1369, IF($Y$14="XBE-RY08A",'All data map'!$F$1370:$J$1370, IF($Y$14="XBE-RY08B",'All data map'!$F$1371:$J$1371, IF($Y$14="XBE-RY16A",'All data map'!$F$1372:$J$1372, IF($Y$14="XBE-DR16A",'All data map'!$F$1373:$J$1374, IF($Y$14="XBE-DN32A",'All data map'!$F$1375:$J$1376, IF($Y$14="XBF-AD04A",'All data map'!$F$1377:$J$1387, IF($Y$14="XBF-AD08A",'All data map'!$F$1388:$J$1422, IF($Y$14="XBF-AD04C",'All data map'!$F$1423:$J$1453, IF($Y$14="XBF-DV04A",'All data map'!$F$1454:$J$1470, IF($Y$14="XBF-DC04A",'All data map'!$F$1471:$J$1487, IF($Y$14="XBF-DC04B",'All data map'!$F$1488:$J$1504, IF($Y$14="XBF-DV04C",'All data map'!$F$1505:$J$1525, IF($Y$14="XBF-DC04C",'All data map'!$F$1526:$J$1550, IF($Y$14="XBF-AH04A",'All data map'!$F$1551:$J$1570, IF($Y$14="XBF-RD04A",'All data map'!$F$1571:$J$1590, IF($Y$14="XBF-RD01A",'All data map'!$F$1591:$J$1604, IF($Y$14="XBF-TC04B",'All data map'!$F$1605:$J$1650, IF($Y$14="XBF-TC04S",'All data map'!$F$1651:$J$1696, IF($Y$14="XBF-LD02S",'All data map'!$F$1697:$J$1805, IF($Y$14="XBF-HO02A",'All data map'!$F$1806:$J$1866, IF($Y$14="XBF-HD02A",'All data map'!$F$1867:$J$1927,IF($Y$14="Header",'All data map'!$F$2063:$J$2075,))))))))))))))))))))))))))))))))),BD20,FALSE),"-") -> Input | AA20: =IFERROR(HLOOKUP(VLOOKUP((VLOOKUP($Y$10,$B$10:$C$22,2,FALSE)),'All data map'!$C$1:$J$3005,5,FALSE),IF($Y$14="XBE-DC08A",'All data map'!$F$1359:$J$1359, IF($Y$14="XBE-DC16A",'All data map'!$F$1360:$J$1360, IF($Y$14="XBE-DC16B",'All data map'!$F$1361:$J$1361, IF($Y$14="XBE-DC32A",'All data map'!$F$1362:$J$1362, IF($Y$14="XBE-AC08A",'All data map'!$F$1363:$J$1363, IF($Y$14="XBE-TN08A",'All data map'!$F$1364:$J$1364, IF($Y$14="XBE-TP08A",'All data map'!$F$1365:$J$1365, IF($Y$14="XBE-TN16A",'All data map'!$F$1366:$J$1366, IF($Y$14="XBE-TP16A",'All data map'!$F$1367:$J$1367, IF($Y$14="XBE-TN32A",'All data map'!$F$1368:$J$1368, IF($Y$14="XBE-TP32A",'All data map'!$F$1369:$J$1369, IF($Y$14="XBE-RY08A",'All data map'!$F$1370:$J$1370, IF($Y$14="XBE-RY08B",'All data map'!$F$1371:$J$1371, IF($Y$14="XBE-RY16A",'All data map'!$F$1372:$J$1372, IF($Y$14="XBE-DR16A",'All data map'!$F$1373:$J$1374, IF($Y$14="XBE-DN32A",'All data map'!$F$1375:$J$1376, IF($Y$14="XBF-AD04A",'All data map'!$F$1377:$J$1387, IF($Y$14="XBF-AD08A",'All data map'!$F$1388:$J$1422, IF($Y$14="XBF-AD04C",'All data map'!$F$1423:$J$1453, IF($Y$14="XBF-DV04A",'All data map'!$F$1454:$J$1470, IF($Y$14="XBF-DC04A",'All data map'!$F$1471:$J$1487, IF($Y$14="XBF-DC04B",'All data map'!$F$1488:$J$1504, IF($Y$14="XBF-DV04C",'All data map'!$F$1505:$J$1525, IF($Y$14="XBF-DC04C",'All data map'!$F$1526:$J$1550, IF($Y$14="XBF-AH04A",'All data map'!$F$1551:$J$1570, IF($Y$14="XBF-RD04A",'All data map'!$F$1571:$J$1590, IF($Y$14="XBF-RD01A",'All data map'!$F$1591:$J$1604, IF($Y$14="XBF-TC04B",'All data map'!$F$1605:$J$1650, IF($Y$14="XBF-TC04S",'All data map'!$F$1651:$J$1696, IF($Y$14="XBF-LD02S",'All data map'!$F$1697:$J$1805, IF($Y$14="XBF-HO02A",'All data map'!$F$1806:$J$1866, IF($Y$14="XBF-HD02A",'All data map'!$F$1867:$J$1927,IF($Y$14="Header",'All data map'!$F$2063:$H$2075,0))))))))))))))))))))))))))))))))),BE20,FALSE),"-") -> XBF-TC04B_CH2_ACT | AB20: =IFERROR(HLOOKUP(VLOOKUP((VLOOKUP($Y$10,$B$10:$C$22,2,FALSE)),'All data map'!$C$1:$J$3005,6,FALSE),IF($Y$14="XBE-DC08A",'All data map'!$F$1359:$J$1359, IF($Y$14="XBE-DC16A",'All data map'!$F$1360:$J$1360, IF($Y$14="XBE-DC16B",'All data map'!$F$1361:$J$1361, IF($Y$14="XBE-DC32A",'All data map'!$F$1362:$J$1362, IF($Y$14="XBE-AC08A",'All data map'!$F$1363:$J$1363, IF($Y$14="XBE-TN08A",'All data map'!$F$1364:$J$1364, IF($Y$14="XBE-TP08A",'All data map'!$F$1365:$J$1365, IF($Y$14="XBE-TN16A",'All data map'!$F$1366:$J$1366, IF($Y$14="XBE-TP16A",'All data map'!$F$1367:$J$1367, IF($Y$14="XBE-TN32A",'All data map'!$F$1368:$J$1368, IF($Y$14="XBE-TP32A",'All data map'!$F$1369:$J$1369, IF($Y$14="XBE-RY08A",'All data map'!$F$1370:$J$1370, IF($Y$14="XBE-RY08B",'All data map'!$F$1371:$J$1371, IF($Y$14="XBE-RY16A",'All data map'!$F$1372:$J$1372, IF($Y$14="XBE-DR16A",'All data map'!$F$1373:$J$1374, IF($Y$14="XBE-DN32A",'All data map'!$F$1375:$J$1376, IF($Y$14="XBF-AD04A",'All data map'!$F$1377:$J$1387, IF($Y$14="XBF-AD08A",'All data map'!$F$1388:$J$1422, IF($Y$14="XBF-AD04C",'All data map'!$F$1423:$J$1453, IF($Y$14="XBF-DV04A",'All data map'!$F$1454:$J$1470, IF($Y$14="XBF-DC04A",'All data map'!$F$1471:$J$1487, IF($Y$14="XBF-DC04B",'All data map'!$F$1488:$J$1504, IF($Y$14="XBF-DV04C",'All data map'!$F$1505:$J$1525, IF($Y$14="XBF-DC04C",'All data map'!$F$1526:$J$1550, IF($Y$14="XBF-AH04A",'All data map'!$F$1551:$J$1570, IF($Y$14="XBF-RD04A",'All data map'!$F$1571:$J$1590, IF($Y$14="XBF-RD01A",'All data map'!$F$1591:$J$1604, IF($Y$14="XBF-TC04B",'All data map'!$F$1605:$J$1650, IF($Y$14="XBF-TC04S",'All data map'!$F$1651:$J$1696, IF($Y$14="XBF-LD02S",'All data map'!$F$1697:$J$1805, IF($Y$14="XBF-HO02A",'All data map'!$F$1806:$J$1866, IF($Y$14="XBF-HD02A",'All data map'!$F$1867:$J$1927,IF($Y$14="Header",'All data map'!$F$2063:$J$2075,))))))))))))))))))))))))))))))))),BF20,FALSE),"-") -> BIT | AC20: =IFERROR(HLOOKUP(VLOOKUP((VLOOKUP($Y$10,$B$10:$C$22,2,FALSE)),'All data map'!$C$1:$J$3005,7,FALSE),IF($Y$14="XBE-DC08A",'All data map'!$F$1359:$J$1359, IF($Y$14="XBE-DC16A",'All data map'!$F$1360:$J$1360, IF($Y$14="XBE-DC16B",'All data map'!$F$1361:$J$1361, IF($Y$14="XBE-DC32A",'All data map'!$F$1362:$J$1362, IF($Y$14="XBE-AC08A",'All data map'!$F$1363:$J$1363, IF($Y$14="XBE-TN08A",'All data map'!$F$1364:$J$1364, IF($Y$14="XBE-TP08A",'All data map'!$F$1365:$J$1365, IF($Y$14="XBE-TN16A",'All data map'!$F$1366:$J$1366, IF($Y$14="XBE-TP16A",'All data map'!$F$1367:$J$1367, IF($Y$14="XBE-TN32A",'All data map'!$F$1368:$J$1368, IF($Y$14="XBE-TP32A",'All data map'!$F$1369:$J$1369, IF($Y$14="XBE-RY08A",'All data map'!$F$1370:$J$1370, IF($Y$14="XBE-RY08B",'All data map'!$F$1371:$J$1371, IF($Y$14="XBE-RY16A",'All data map'!$F$1372:$J$1372, IF($Y$14="XBE-DR16A",'All data map'!$F$1373:$J$1374, IF($Y$14="XBE-DN32A",'All data map'!$F$1375:$J$1376, IF($Y$14="XBF-AD04A",'All data map'!$F$1377:$J$1387, IF($Y$14="XBF-AD08A",'All data map'!$F$1388:$J$1422, IF($Y$14="XBF-AD04C",'All data map'!$F$1423:$J$1453, IF($Y$14="XBF-DV04A",'All data map'!$F$1454:$J$1470, IF($Y$14="XBF-DC04A",'All data map'!$F$1471:$J$1487, IF($Y$14="XBF-DC04B",'All data map'!$F$1488:$J$1504, IF($Y$14="XBF-DV04C",'All data map'!$F$1505:$J$1525, IF($Y$14="XBF-DC04C",'All data map'!$F$1526:$J$1550, IF($Y$14="XBF-AH04A",'All data map'!$F$1551:$J$1570, IF($Y$14="XBF-RD04A",'All data map'!$F$1571:$J$1590, IF($Y$14="XBF-RD01A",'All data map'!$F$1591:$J$1604, IF($Y$14="XBF-TC04B",'All data map'!$F$1605:$J$1650, IF($Y$14="XBF-TC04S",'All data map'!$F$1651:$J$1696, IF($Y$14="XBF-LD02S",'All data map'!$F$1697:$J$1805, IF($Y$14="XBF-HO02A",'All data map'!$F$1806:$J$1866, IF($Y$14="XBF-HD02A",'All data map'!$F$1867:$J$1927,IF($Y$14="Header",'All data map'!$F$2063:$J$2075,))))))))))))))))))))))))))))))))),BG20,FALSE),"-") -> 1.2 | AD20: =IFERROR(HLOOKUP(VLOOKUP((VLOOKUP($Y$10,$B$10:$C$22,2,FALSE)),'All data map'!$C$1:$J$3005,8,FALSE),IF($Y$14="XBE-DC08A",'All data map'!$F$1359:$J$1359, IF($Y$14="XBE-DC16A",'All data map'!$F$1360:$J$1360, IF($Y$14="XBE-DC16B",'All data map'!$F$1361:$J$1361, IF($Y$14="XBE-DC32A",'All data map'!$F$1362:$J$1362, IF($Y$14="XBE-AC08A",'All data map'!$F$1363:$J$1363, IF($Y$14="XBE-TN08A",'All data map'!$F$1364:$J$1364, IF($Y$14="XBE-TP08A",'All data map'!$F$1365:$J$1365, IF($Y$14="XBE-TN16A",'All data map'!$F$1366:$J$1366, IF($Y$14="XBE-TP16A",'All data map'!$F$1367:$J$1367, IF($Y$14="XBE-TN32A",'All data map'!$F$1368:$J$1368, IF($Y$14="XBE-TP32A",'All data map'!$F$1369:$J$1369, IF($Y$14="XBE-RY08A",'All data map'!$F$1370:$J$1370, IF($Y$14="XBE-RY08B",'All data map'!$F$1371:$J$1371, IF($Y$14="XBE-RY16A",'All data map'!$F$1372:$J$1372, IF($Y$14="XBE-DR16A",'All data map'!$F$1373:$J$1374, IF($Y$14="XBE-DN32A",'All data map'!$F$1375:$J$1376, IF($Y$14="XBF-AD04A",'All data map'!$F$1377:$J$1387, IF($Y$14="XBF-AD08A",'All data map'!$F$1388:$J$1422, IF($Y$14="XBF-AD04C",'All data map'!$F$1423:$J$1453, IF($Y$14="XBF-DV04A",'All data map'!$F$1454:$J$1470, IF($Y$14="XBF-DC04A",'All data map'!$F$1471:$J$1487, IF($Y$14="XBF-DC04B",'All data map'!$F$1488:$J$1504, IF($Y$14="XBF-DV04C",'All data map'!$F$1505:$J$1525, IF($Y$14="XBF-DC04C",'All data map'!$F$1526:$J$1550, IF($Y$14="XBF-AH04A",'All data map'!$F$1551:$J$1570, IF($Y$14="XBF-RD04A",'All data map'!$F$1571:$J$1590, IF($Y$14="XBF-RD01A",'All data map'!$F$1591:$J$1604, IF($Y$14="XBF-TC04B",'All data map'!$F$1605:$J$1650, IF($Y$14="XBF-TC04S",'All data map'!$F$1651:$J$1696, IF($Y$14="XBF-LD02S",'All data map'!$F$1697:$J$1805, IF($Y$14="XBF-HO02A",'All data map'!$F$1806:$J$1866, IF($Y$14="XBF-HD02A",'All data map'!$F$1867:$J$1927,IF($Y$14="Header",'All data map'!$F$2063:$J$2075,))))))))))))))))))))))))))))))))),BH20,FALSE),"-") -> Temperature input module : Channel 2 RUN | BB20: 11 | BC20: 11 | BD20: 11 | BE20: 11 | BF20: 11 | BG20: 11 | BH20: 11 | BI20: 11 | BJ20: 11 | BK20: 11 | BL20: 11 | BM20: 11 | BN20: 11 | BO20: 11 | BP20: 11 | BQ20: 11 | BR20: 11
B21: 10 | D21: =IFERROR(VLOOKUP(C21,'refresh size'!C:E,2,FALSE),0) -> 0 | E21: =IFERROR(VLOOKUP(C21,'refresh size'!C:E,3,FALSE),0) -> 0 | F21: =IF(LEN(C21)>0,IF(D21>0,MAX(F$10:F20)+D21,"-"),"-") -> - | G21: =IF(LEN(C21)>0,IF(E21>0,MAX(G$10:G20)+E21,"-"),"-") -> - | H21: =B21*8 -> 80 | I21: =B21*8 -> 80 | J21: =B21*64 -> 640 | K21: =IFERROR(F21-D21,0) -> 0 | L21: =IFERROR(G21-E21,0) -> 0 | M21: =$M$9 -> MW | N21: =IF(D21,IF(D21,$N$9+(K21/2),0),"-") -> - | O21: =$M$9 -> MW | P21: =IF(E21,IF(E21,$P$9+(L21/2),0),"-") -> - | Q21: =IF(D21<>0,"H302"&TEXT(DEC2HEX(K21/2,2),"00"),0) -> 0 | R21: =D21/2 -> 0 | S21: =IF(E21<>0,"H402"&TEXT(DEC2HEX(L21/2,2),"00"),0) -> 0 | T21: =E21/2 -> 0 | U21: =IF(D21<>0,"305"&TEXT(K21/2+12+$V$5,"00"),0) -> 0 | V21: =D21/2 -> 0 | W21: =IF(E21<>0,"405"&TEXT(L21/2+12+$V$5,"00"),0) -> 0 | X21: =E21/2 -> 0 | Y21: Total Count | Z21: =IFERROR(HLOOKUP(VLOOKUP((VLOOKUP($Y$10,$B$10:$C$22,2,FALSE)),'All data map'!$C$1:$J$3005,4,FALSE),IF($Y$14="XBE-DC08A",'All data map'!$F$1359:$J$1359, IF($Y$14="XBE-DC16A",'All data map'!$F$1360:$J$1360, IF($Y$14="XBE-DC16B",'All data map'!$F$1361:$J$1361, IF($Y$14="XBE-DC32A",'All data map'!$F$1362:$J$1362, IF($Y$14="XBE-AC08A",'All data map'!$F$1363:$J$1363, IF($Y$14="XBE-TN08A",'All data map'!$F$1364:$J$1364, IF($Y$14="XBE-TP08A",'All data map'!$F$1365:$J$1365, IF($Y$14="XBE-TN16A",'All data map'!$F$1366:$J$1366, IF($Y$14="XBE-TP16A",'All data map'!$F$1367:$J$1367, IF($Y$14="XBE-TN32A",'All data map'!$F$1368:$J$1368, IF($Y$14="XBE-TP32A",'All data map'!$F$1369:$J$1369, IF($Y$14="XBE-RY08A",'All data map'!$F$1370:$J$1370, IF($Y$14="XBE-RY08B",'All data map'!$F$1371:$J$1371, IF($Y$14="XBE-RY16A",'All data map'!$F$1372:$J$1372, IF($Y$14="XBE-DR16A",'All data map'!$F$1373:$J$1374, IF($Y$14="XBE-DN32A",'All data map'!$F$1375:$J$1376, IF($Y$14="XBF-AD04A",'All data map'!$F$1377:$J$1387, IF($Y$14="XBF-AD08A",'All data map'!$F$1388:$J$1422, IF($Y$14="XBF-AD04C",'All data map'!$F$1423:$J$1453, IF($Y$14="XBF-DV04A",'All data map'!$F$1454:$J$1470, IF($Y$14="XBF-DC04A",'All data map'!$F$1471:$J$1487, IF($Y$14="XBF-DC04B",'All data map'!$F$1488:$J$1504, IF($Y$14="XBF-DV04C",'All data map'!$F$1505:$J$1525, IF($Y$14="XBF-DC04C",'All data map'!$F$1526:$J$1550, IF($Y$14="XBF-AH04A",'All data map'!$F$1551:$J$1570, IF($Y$14="XBF-RD04A",'All data map'!$F$1571:$J$1590, IF($Y$14="XBF-RD01A",'All data map'!$F$1591:$J$1604, IF($Y$14="XBF-TC04B",'All data map'!$F$1605:$J$1650, IF($Y$14="XBF-TC04S",'All data map'!$F$1651:$J$1696, IF($Y$14="XBF-LD02S",'All data map'!$F$1697:$J$1805, IF($Y$14="XBF-HO02A",'All data map'!$F$1806:$J$1866, IF($Y$14="XBF-HD02A",'All data map'!$F$1867:$J$1927,IF($Y$14="Header",'All data map'!$F$2063:$J$2075,))))))))))))))))))))))))))))))))),BD21,FALSE),"-") -> Input | AA21: =IFERROR(HLOOKUP(VLOOKUP((VLOOKUP($Y$10,$B$10:$C$22,2,FALSE)),'All data map'!$C$1:$J$3005,5,FALSE),IF($Y$14="XBE-DC08A",'All data map'!$F$1359:$J$1359, IF($Y$14="XBE-DC16A",'All data map'!$F$1360:$J$1360, IF($Y$14="XBE-DC16B",'All data map'!$F$1361:$J$1361, IF($Y$14="XBE-DC32A",'All data map'!$F$1362:$J$1362, IF($Y$14="XBE-AC08A",'All data map'!$F$1363:$J$1363, IF($Y$14="XBE-TN08A",'All data map'!$F$1364:$J$1364, IF($Y$14="XBE-TP08A",'All data map'!$F$1365:$J$1365, IF($Y$14="XBE-TN16A",'All data map'!$F$1366:$J$1366, IF($Y$14="XBE-TP16A",'All data map'!$F$1367:$J$1367, IF($Y$14="XBE-TN32A",'All data map'!$F$1368:$J$1368, IF($Y$14="XBE-TP32A",'All data map'!$F$1369:$J$1369, IF($Y$14="XBE-RY08A",'All data map'!$F$1370:$J$1370, IF($Y$14="XBE-RY08B",'All data map'!$F$1371:$J$1371, IF($Y$14="XBE-RY16A",'All data map'!$F$1372:$J$1372, IF($Y$14="XBE-DR16A",'All data map'!$F$1373:$J$1374, IF($Y$14="XBE-DN32A",'All data map'!$F$1375:$J$1376, IF($Y$14="XBF-AD04A",'All data map'!$F$1377:$J$1387, IF($Y$14="XBF-AD08A",'All data map'!$F$1388:$J$1422, IF($Y$14="XBF-AD04C",'All data map'!$F$1423:$J$1453, IF($Y$14="XBF-DV04A",'All data map'!$F$1454:$J$1470, IF($Y$14="XBF-DC04A",'All data map'!$F$1471:$J$1487, IF($Y$14="XBF-DC04B",'All data map'!$F$1488:$J$1504, IF($Y$14="XBF-DV04C",'All data map'!$F$1505:$J$1525, IF($Y$14="XBF-DC04C",'All data map'!$F$1526:$J$1550, IF($Y$14="XBF-AH04A",'All data map'!$F$1551:$J$1570, IF($Y$14="XBF-RD04A",'All data map'!$F$1571:$J$1590, IF($Y$14="XBF-RD01A",'All data map'!$F$1591:$J$1604, IF($Y$14="XBF-TC04B",'All data map'!$F$1605:$J$1650, IF($Y$14="XBF-TC04S",'All data map'!$F$1651:$J$1696, IF($Y$14="XBF-LD02S",'All data map'!$F$1697:$J$1805, IF($Y$14="XBF-HO02A",'All data map'!$F$1806:$J$1866, IF($Y$14="XBF-HD02A",'All data map'!$F$1867:$J$1927,IF($Y$14="Header",'All data map'!$F$2063:$H$2075,0))))))))))))))))))))))))))))))))),BE21,FALSE),"-") -> XBF-TC04B_CH3_ACT | AB21: =IFERROR(HLOOKUP(VLOOKUP((VLOOKUP($Y$10,$B$10:$C$22,2,FALSE)),'All data map'!$C$1:$J$3005,6,FALSE),IF($Y$14="XBE-DC08A",'All data map'!$F$1359:$J$1359, IF($Y$14="XBE-DC16A",'All data map'!$F$1360:$J$1360, IF($Y$14="XBE-DC16B",'All data map'!$F$1361:$J$1361, IF($Y$14="XBE-DC32A",'All data map'!$F$1362:$J$1362, IF($Y$14="XBE-AC08A",'All data map'!$F$1363:$J$1363, IF($Y$14="XBE-TN08A",'All data map'!$F$1364:$J$1364, IF($Y$14="XBE-TP08A",'All data map'!$F$1365:$J$1365, IF($Y$14="XBE-TN16A",'All data map'!$F$1366:$J$1366, IF($Y$14="XBE-TP16A",'All data map'!$F$1367:$J$1367, IF($Y$14="XBE-TN32A",'All data map'!$F$1368:$J$1368, IF($Y$14="XBE-TP32A",'All data map'!$F$1369:$J$1369, IF($Y$14="XBE-RY08A",'All data map'!$F$1370:$J$1370, IF($Y$14="XBE-RY08B",'All data map'!$F$1371:$J$1371, IF($Y$14="XBE-RY16A",'All data map'!$F$1372:$J$1372, IF($Y$14="XBE-DR16A",'All data map'!$F$1373:$J$1374, IF($Y$14="XBE-DN32A",'All data map'!$F$1375:$J$1376, IF($Y$14="XBF-AD04A",'All data map'!$F$1377:$J$1387, IF($Y$14="XBF-AD08A",'All data map'!$F$1388:$J$1422, IF($Y$14="XBF-AD04C",'All data map'!$F$1423:$J$1453, IF($Y$14="XBF-DV04A",'All data map'!$F$1454:$J$1470, IF($Y$14="XBF-DC04A",'All data map'!$F$1471:$J$1487, IF($Y$14="XBF-DC04B",'All data map'!$F$1488:$J$1504, IF($Y$14="XBF-DV04C",'All data map'!$F$1505:$J$1525, IF($Y$14="XBF-DC04C",'All data map'!$F$1526:$J$1550, IF($Y$14="XBF-AH04A",'All data map'!$F$1551:$J$1570, IF($Y$14="XBF-RD04A",'All data map'!$F$1571:$J$1590, IF($Y$14="XBF-RD01A",'All data map'!$F$1591:$J$1604, IF($Y$14="XBF-TC04B",'All data map'!$F$1605:$J$1650, IF($Y$14="XBF-TC04S",'All data map'!$F$1651:$J$1696, IF($Y$14="XBF-LD02S",'All data map'!$F$1697:$J$1805, IF($Y$14="XBF-HO02A",'All data map'!$F$1806:$J$1866, IF($Y$14="XBF-HD02A",'All data map'!$F$1867:$J$1927,IF($Y$14="Header",'All data map'!$F$2063:$J$2075,))))))))))))))))))))))))))))))))),BF21,FALSE),"-") -> BIT | AC21: =IFERROR(HLOOKUP(VLOOKUP((VLOOKUP($Y$10,$B$10:$C$22,2,FALSE)),'All data map'!$C$1:$J$3005,7,FALSE),IF($Y$14="XBE-DC08A",'All data map'!$F$1359:$J$1359, IF($Y$14="XBE-DC16A",'All data map'!$F$1360:$J$1360, IF($Y$14="XBE-DC16B",'All data map'!$F$1361:$J$1361, IF($Y$14="XBE-DC32A",'All data map'!$F$1362:$J$1362, IF($Y$14="XBE-AC08A",'All data map'!$F$1363:$J$1363, IF($Y$14="XBE-TN08A",'All data map'!$F$1364:$J$1364, IF($Y$14="XBE-TP08A",'All data map'!$F$1365:$J$1365, IF($Y$14="XBE-TN16A",'All data map'!$F$1366:$J$1366, IF($Y$14="XBE-TP16A",'All data map'!$F$1367:$J$1367, IF($Y$14="XBE-TN32A",'All data map'!$F$1368:$J$1368, IF($Y$14="XBE-TP32A",'All data map'!$F$1369:$J$1369, IF($Y$14="XBE-RY08A",'All data map'!$F$1370:$J$1370, IF($Y$14="XBE-RY08B",'All data map'!$F$1371:$J$1371, IF($Y$14="XBE-RY16A",'All data map'!$F$1372:$J$1372, IF($Y$14="XBE-DR16A",'All data map'!$F$1373:$J$1374, IF($Y$14="XBE-DN32A",'All data map'!$F$1375:$J$1376, IF($Y$14="XBF-AD04A",'All data map'!$F$1377:$J$1387, IF($Y$14="XBF-AD08A",'All data map'!$F$1388:$J$1422, IF($Y$14="XBF-AD04C",'All data map'!$F$1423:$J$1453, IF($Y$14="XBF-DV04A",'All data map'!$F$1454:$J$1470, IF($Y$14="XBF-DC04A",'All data map'!$F$1471:$J$1487, IF($Y$14="XBF-DC04B",'All data map'!$F$1488:$J$1504, IF($Y$14="XBF-DV04C",'All data map'!$F$1505:$J$1525, IF($Y$14="XBF-DC04C",'All data map'!$F$1526:$J$1550, IF($Y$14="XBF-AH04A",'All data map'!$F$1551:$J$1570, IF($Y$14="XBF-RD04A",'All data map'!$F$1571:$J$1590, IF($Y$14="XBF-RD01A",'All data map'!$F$1591:$J$1604, IF($Y$14="XBF-TC04B",'All data map'!$F$1605:$J$1650, IF($Y$14="XBF-TC04S",'All data map'!$F$1651:$J$1696, IF($Y$14="XBF-LD02S",'All data map'!$F$1697:$J$1805, IF($Y$14="XBF-HO02A",'All data map'!$F$1806:$J$1866, IF($Y$14="XBF-HD02A",'All data map'!$F$1867:$J$1927,IF($Y$14="Header",'All data map'!$F$2063:$J$2075,))))))))))))))))))))))))))))))))),BG21,FALSE),"-") -> 1.3 | AD21: =IFERROR(HLOOKUP(VLOOKUP((VLOOKUP($Y$10,$B$10:$C$22,2,FALSE)),'All data map'!$C$1:$J$3005,8,FALSE),IF($Y$14="XBE-DC08A",'All data map'!$F$1359:$J$1359, IF($Y$14="XBE-DC16A",'All data map'!$F$1360:$J$1360, IF($Y$14="XBE-DC16B",'All data map'!$F$1361:$J$1361, IF($Y$14="XBE-DC32A",'All data map'!$F$1362:$J$1362, IF($Y$14="XBE-AC08A",'All data map'!$F$1363:$J$1363, IF($Y$14="XBE-TN08A",'All data map'!$F$1364:$J$1364, IF($Y$14="XBE-TP08A",'All data map'!$F$1365:$J$1365, IF($Y$14="XBE-TN16A",'All data map'!$F$1366:$J$1366, IF($Y$14="XBE-TP16A",'All data map'!$F$1367:$J$1367, IF($Y$14="XBE-TN32A",'All data map'!$F$1368:$J$1368, IF($Y$14="XBE-TP32A",'All data map'!$F$1369:$J$1369, IF($Y$14="XBE-RY08A",'All data map'!$F$1370:$J$1370, IF($Y$14="XBE-RY08B",'All data map'!$F$1371:$J$1371, IF($Y$14="XBE-RY16A",'All data map'!$F$1372:$J$1372, IF($Y$14="XBE-DR16A",'All data map'!$F$1373:$J$1374, IF($Y$14="XBE-DN32A",'All data map'!$F$1375:$J$1376, IF($Y$14="XBF-AD04A",'All data map'!$F$1377:$J$1387, IF($Y$14="XBF-AD08A",'All data map'!$F$1388:$J$1422, IF($Y$14="XBF-AD04C",'All data map'!$F$1423:$J$1453, IF($Y$14="XBF-DV04A",'All data map'!$F$1454:$J$1470, IF($Y$14="XBF-DC04A",'All data map'!$F$1471:$J$1487, IF($Y$14="XBF-DC04B",'All data map'!$F$1488:$J$1504, IF($Y$14="XBF-DV04C",'All data map'!$F$1505:$J$1525, IF($Y$14="XBF-DC04C",'All data map'!$F$1526:$J$1550, IF($Y$14="XBF-AH04A",'All data map'!$F$1551:$J$1570, IF($Y$14="XBF-RD04A",'All data map'!$F$1571:$J$1590, IF($Y$14="XBF-RD01A",'All data map'!$F$1591:$J$1604, IF($Y$14="XBF-TC04B",'All data map'!$F$1605:$J$1650, IF($Y$14="XBF-TC04S",'All data map'!$F$1651:$J$1696, IF($Y$14="XBF-LD02S",'All data map'!$F$1697:$J$1805, IF($Y$14="XBF-HO02A",'All data map'!$F$1806:$J$1866, IF($Y$14="XBF-HD02A",'All data map'!$F$1867:$J$1927,IF($Y$14="Header",'All data map'!$F$2063:$J$2075,))))))))))))))))))))))))))))))))),BH21,FALSE),"-") -> Temperature input module : Channel 3 RUN | BB21: 12 | BC21: 12 | BD21: 12 | BE21: 12 | BF21: 12 | BG21: 12 | BH21: 12 | BI21: 12 | BJ21: 12 | BK21: 12 | BL21: 12 | BM21: 12 | BN21: 12 | BO21: 12 | BP21: 12 | BQ21: 12 | BR21: 12
B22: 11 | D22: =IFERROR(VLOOKUP(C22,'refresh size'!C:E,2,FALSE),0) -> 0 | E22: =IFERROR(VLOOKUP(C22,'refresh size'!C:E,3,FALSE),0) -> 0 | F22: =IF(LEN(C22)>0,IF(D22>0,MAX(F$10:F21)+D22,"-"),"-") -> - | G22: =IF(LEN(C22)>0,IF(E22>0,MAX(G$10:G21)+E22,"-"),"-") -> - | H22: =B22*8 -> 88 | I22: =B22*8 -> 88 | J22: =B22*64 -> 704 | K22: =IFERROR(F22-D22,0) -> 0 | L22: =IFERROR(G22-E22,0) -> 0 | M22: =$M$9 -> MW | N22: =IF(D22,IF(D22,$N$9+(K22/2),0),"-") -> - | O22: =$M$9 -> MW | P22: =IF(E22,IF(E22,$P$9+(L22/2),0),"-") -> - | Q22: =IF(D22<>0,"H302"&TEXT(DEC2HEX(K22/2,2),"00"),0) -> 0 | R22: =D22/2 -> 0 | S22: =IF(E22<>0,"H402"&TEXT(DEC2HEX(L22/2,2),"00"),0) -> 0 | T22: =E22/2 -> 0 | U22: =IF(D22<>0,"305"&TEXT(K22/2+12+$V$5,"00"),0) -> 0 | V22: =D22/2 -> 0 | W22: =IF(E22<>0,"405"&TEXT(L22/2+12+$V$5,"00"),0) -> 0 | X22: =E22/2 -> 0 | Y22: =IFERROR(IFERROR(VLOOKUP(Y14, 'All data map'!$C$2:$O$2062, 10, FALSE), VLOOKUP(Y14, 'All data map'!$C$2063:$O$2075, 10, FALSE)),"-") -> 46 | Z22: =IFERROR(HLOOKUP(VLOOKUP((VLOOKUP($Y$10,$B$10:$C$22,2,FALSE)),'All data map'!$C$1:$J$3005,4,FALSE),IF($Y$14="XBE-DC08A",'All data map'!$F$1359:$J$1359, IF($Y$14="XBE-DC16A",'All data map'!$F$1360:$J$1360, IF($Y$14="XBE-DC16B",'All data map'!$F$1361:$J$1361, IF($Y$14="XBE-DC32A",'All data map'!$F$1362:$J$1362, IF($Y$14="XBE-AC08A",'All data map'!$F$1363:$J$1363, IF($Y$14="XBE-TN08A",'All data map'!$F$1364:$J$1364, IF($Y$14="XBE-TP08A",'All data map'!$F$1365:$J$1365, IF($Y$14="XBE-TN16A",'All data map'!$F$1366:$J$1366, IF($Y$14="XBE-TP16A",'All data map'!$F$1367:$J$1367, IF($Y$14="XBE-TN32A",'All data map'!$F$1368:$J$1368, IF($Y$14="XBE-TP32A",'All data map'!$F$1369:$J$1369, IF($Y$14="XBE-RY08A",'All data map'!$F$1370:$J$1370, IF($Y$14="XBE-RY08B",'All data map'!$F$1371:$J$1371, IF($Y$14="XBE-RY16A",'All data map'!$F$1372:$J$1372, IF($Y$14="XBE-DR16A",'All data map'!$F$1373:$J$1374, IF($Y$14="XBE-DN32A",'All data map'!$F$1375:$J$1376, IF($Y$14="XBF-AD04A",'All data map'!$F$1377:$J$1387, IF($Y$14="XBF-AD08A",'All data map'!$F$1388:$J$1422, IF($Y$14="XBF-AD04C",'All data map'!$F$1423:$J$1453, IF($Y$14="XBF-DV04A",'All data map'!$F$1454:$J$1470, IF($Y$14="XBF-DC04A",'All data map'!$F$1471:$J$1487, IF($Y$14="XBF-DC04B",'All data map'!$F$1488:$J$1504, IF($Y$14="XBF-DV04C",'All data map'!$F$1505:$J$1525, IF($Y$14="XBF-DC04C",'All data map'!$F$1526:$J$1550, IF($Y$14="XBF-AH04A",'All data map'!$F$1551:$J$1570, IF($Y$14="XBF-RD04A",'All data map'!$F$1571:$J$1590, IF($Y$14="XBF-RD01A",'All data map'!$F$1591:$J$1604, IF($Y$14="XBF-TC04B",'All data map'!$F$1605:$J$1650, IF($Y$14="XBF-TC04S",'All data map'!$F$1651:$J$1696, IF($Y$14="XBF-LD02S",'All data map'!$F$1697:$J$1805, IF($Y$14="XBF-HO02A",'All data map'!$F$1806:$J$1866, IF($Y$14="XBF-HD02A",'All data map'!$F$1867:$J$1927,IF($Y$14="Header",'All data map'!$F$2063:$J$2075,))))))))))))))))))))))))))))))))),BD22,FALSE),"-") -> Input | AA22: =IFERROR(HLOOKUP(VLOOKUP((VLOOKUP($Y$10,$B$10:$C$22,2,FALSE)),'All data map'!$C$1:$J$3005,5,FALSE),IF($Y$14="XBE-DC08A",'All data map'!$F$1359:$J$1359, IF($Y$14="XBE-DC16A",'All data map'!$F$1360:$J$1360, IF($Y$14="XBE-DC16B",'All data map'!$F$1361:$J$1361, IF($Y$14="XBE-DC32A",'All data map'!$F$1362:$J$1362, IF($Y$14="XBE-AC08A",'All data map'!$F$1363:$J$1363, IF($Y$14="XBE-TN08A",'All data map'!$F$1364:$J$1364, IF($Y$14="XBE-TP08A",'All data map'!$F$1365:$J$1365, IF($Y$14="XBE-TN16A",'All data map'!$F$1366:$J$1366, IF($Y$14="XBE-TP16A",'All data map'!$F$1367:$J$1367, IF($Y$14="XBE-TN32A",'All data map'!$F$1368:$J$1368, IF($Y$14="XBE-TP32A",'All data map'!$F$1369:$J$1369, IF($Y$14="XBE-RY08A",'All data map'!$F$1370:$J$1370, IF($Y$14="XBE-RY08B",'All data map'!$F$1371:$J$1371, IF($Y$14="XBE-RY16A",'All data map'!$F$1372:$J$1372, IF($Y$14="XBE-DR16A",'All data map'!$F$1373:$J$1374, IF($Y$14="XBE-DN32A",'All data map'!$F$1375:$J$1376, IF($Y$14="XBF-AD04A",'All data map'!$F$1377:$J$1387, IF($Y$14="XBF-AD08A",'All data map'!$F$1388:$J$1422, IF($Y$14="XBF-AD04C",'All data map'!$F$1423:$J$1453, IF($Y$14="XBF-DV04A",'All data map'!$F$1454:$J$1470, IF($Y$14="XBF-DC04A",'All data map'!$F$1471:$J$1487, IF($Y$14="XBF-DC04B",'All data map'!$F$1488:$J$1504, IF($Y$14="XBF-DV04C",'All data map'!$F$1505:$J$1525, IF($Y$14="XBF-DC04C",'All data map'!$F$1526:$J$1550, IF($Y$14="XBF-AH04A",'All data map'!$F$1551:$J$1570, IF($Y$14="XBF-RD04A",'All data map'!$F$1571:$J$1590, IF($Y$14="XBF-RD01A",'All data map'!$F$1591:$J$1604, IF($Y$14="XBF-TC04B",'All data map'!$F$1605:$J$1650, IF($Y$14="XBF-TC04S",'All data map'!$F$1651:$J$1696, IF($Y$14="XBF-LD02S",'All data map'!$F$1697:$J$1805, IF($Y$14="XBF-HO02A",'All data map'!$F$1806:$J$1866, IF($Y$14="XBF-HD02A",'All data map'!$F$1867:$J$1927,IF($Y$14="Header",'All data map'!$F$2063:$H$2075,0))))))))))))))))))))))))))))))))),BE22,FALSE),"-") -> XBF-TC04B_CH0_BOUT | AB22: =IFERROR(HLOOKUP(VLOOKUP((VLOOKUP($Y$10,$B$10:$C$22,2,FALSE)),'All data map'!$C$1:$J$3005,6,FALSE),IF($Y$14="XBE-DC08A",'All data map'!$F$1359:$J$1359, IF($Y$14="XBE-DC16A",'All data map'!$F$1360:$J$1360, IF($Y$14="XBE-DC16B",'All data map'!$F$1361:$J$1361, IF($Y$14="XBE-DC32A",'All data map'!$F$1362:$J$1362, IF($Y$14="XBE-AC08A",'All data map'!$F$1363:$J$1363, IF($Y$14="XBE-TN08A",'All data map'!$F$1364:$J$1364, IF($Y$14="XBE-TP08A",'All data map'!$F$1365:$J$1365, IF($Y$14="XBE-TN16A",'All data map'!$F$1366:$J$1366, IF($Y$14="XBE-TP16A",'All data map'!$F$1367:$J$1367, IF($Y$14="XBE-TN32A",'All data map'!$F$1368:$J$1368, IF($Y$14="XBE-TP32A",'All data map'!$F$1369:$J$1369, IF($Y$14="XBE-RY08A",'All data map'!$F$1370:$J$1370, IF($Y$14="XBE-RY08B",'All data map'!$F$1371:$J$1371, IF($Y$14="XBE-RY16A",'All data map'!$F$1372:$J$1372, IF($Y$14="XBE-DR16A",'All data map'!$F$1373:$J$1374, IF($Y$14="XBE-DN32A",'All data map'!$F$1375:$J$1376, IF($Y$14="XBF-AD04A",'All data map'!$F$1377:$J$1387, IF($Y$14="XBF-AD08A",'All data map'!$F$1388:$J$1422, IF($Y$14="XBF-AD04C",'All data map'!$F$1423:$J$1453, IF($Y$14="XBF-DV04A",'All data map'!$F$1454:$J$1470, IF($Y$14="XBF-DC04A",'All data map'!$F$1471:$J$1487, IF($Y$14="XBF-DC04B",'All data map'!$F$1488:$J$1504, IF($Y$14="XBF-DV04C",'All data map'!$F$1505:$J$1525, IF($Y$14="XBF-DC04C",'All data map'!$F$1526:$J$1550, IF($Y$14="XBF-AH04A",'All data map'!$F$1551:$J$1570, IF($Y$14="XBF-RD04A",'All data map'!$F$1571:$J$1590, IF($Y$14="XBF-RD01A",'All data map'!$F$1591:$J$1604, IF($Y$14="XBF-TC04B",'All data map'!$F$1605:$J$1650, IF($Y$14="XBF-TC04S",'All data map'!$F$1651:$J$1696, IF($Y$14="XBF-LD02S",'All data map'!$F$1697:$J$1805, IF($Y$14="XBF-HO02A",'All data map'!$F$1806:$J$1866, IF($Y$14="XBF-HD02A",'All data map'!$F$1867:$J$1927,IF($Y$14="Header",'All data map'!$F$2063:$J$2075,))))))))))))))))))))))))))))))))),BF22,FALSE),"-") -> BIT | AC22: =IFERROR(HLOOKUP(VLOOKUP((VLOOKUP($Y$10,$B$10:$C$22,2,FALSE)),'All data map'!$C$1:$J$3005,7,FALSE),IF($Y$14="XBE-DC08A",'All data map'!$F$1359:$J$1359, IF($Y$14="XBE-DC16A",'All data map'!$F$1360:$J$1360, IF($Y$14="XBE-DC16B",'All data map'!$F$1361:$J$1361, IF($Y$14="XBE-DC32A",'All data map'!$F$1362:$J$1362, IF($Y$14="XBE-AC08A",'All data map'!$F$1363:$J$1363, IF($Y$14="XBE-TN08A",'All data map'!$F$1364:$J$1364, IF($Y$14="XBE-TP08A",'All data map'!$F$1365:$J$1365, IF($Y$14="XBE-TN16A",'All data map'!$F$1366:$J$1366, IF($Y$14="XBE-TP16A",'All data map'!$F$1367:$J$1367, IF($Y$14="XBE-TN32A",'All data map'!$F$1368:$J$1368, IF($Y$14="XBE-TP32A",'All data map'!$F$1369:$J$1369, IF($Y$14="XBE-RY08A",'All data map'!$F$1370:$J$1370, IF($Y$14="XBE-RY08B",'All data map'!$F$1371:$J$1371, IF($Y$14="XBE-RY16A",'All data map'!$F$1372:$J$1372, IF($Y$14="XBE-DR16A",'All data map'!$F$1373:$J$1374, IF($Y$14="XBE-DN32A",'All data map'!$F$1375:$J$1376, IF($Y$14="XBF-AD04A",'All data map'!$F$1377:$J$1387, IF($Y$14="XBF-AD08A",'All data map'!$F$1388:$J$1422, IF($Y$14="XBF-AD04C",'All data map'!$F$1423:$J$1453, IF($Y$14="XBF-DV04A",'All data map'!$F$1454:$J$1470, IF($Y$14="XBF-DC04A",'All data map'!$F$1471:$J$1487, IF($Y$14="XBF-DC04B",'All data map'!$F$1488:$J$1504, IF($Y$14="XBF-DV04C",'All data map'!$F$1505:$J$1525, IF($Y$14="XBF-DC04C",'All data map'!$F$1526:$J$1550, IF($Y$14="XBF-AH04A",'All data map'!$F$1551:$J$1570, IF($Y$14="XBF-RD04A",'All data map'!$F$1571:$J$1590, IF($Y$14="XBF-RD01A",'All data map'!$F$1591:$J$1604, IF($Y$14="XBF-TC04B",'All data map'!$F$1605:$J$1650, IF($Y$14="XBF-TC04S",'All data map'!$F$1651:$J$1696, IF($Y$14="XBF-LD02S",'All data map'!$F$1697:$J$1805, IF($Y$14="XBF-HO02A",'All data map'!$F$1806:$J$1866, IF($Y$14="XBF-HD02A",'All data map'!$F$1867:$J$1927,IF($Y$14="Header",'All data map'!$F$2063:$J$2075,))))))))))))))))))))))))))))))))),BG22,FALSE),"-") -> 1.4 | AD22: =IFERROR(HLOOKUP(VLOOKUP((VLOOKUP($Y$10,$B$10:$C$22,2,FALSE)),'All data map'!$C$1:$J$3005,8,FALSE),IF($Y$14="XBE-DC08A",'All data map'!$F$1359:$J$1359, IF($Y$14="XBE-DC16A",'All data map'!$F$1360:$J$1360, IF($Y$14="XBE-DC16B",'All data map'!$F$1361:$J$1361, IF($Y$14="XBE-DC32A",'All data map'!$F$1362:$J$1362, IF($Y$14="XBE-AC08A",'All data map'!$F$1363:$J$1363, IF($Y$14="XBE-TN08A",'All data map'!$F$1364:$J$1364, IF($Y$14="XBE-TP08A",'All data map'!$F$1365:$J$1365, IF($Y$14="XBE-TN16A",'All data map'!$F$1366:$J$1366, IF($Y$14="XBE-TP16A",'All data map'!$F$1367:$J$1367, IF($Y$14="XBE-TN32A",'All data map'!$F$1368:$J$1368, IF($Y$14="XBE-TP32A",'All data map'!$F$1369:$J$1369, IF($Y$14="XBE-RY08A",'All data map'!$F$1370:$J$1370, IF($Y$14="XBE-RY08B",'All data map'!$F$1371:$J$1371, IF($Y$14="XBE-RY16A",'All data map'!$F$1372:$J$1372, IF($Y$14="XBE-DR16A",'All data map'!$F$1373:$J$1374, IF($Y$14="XBE-DN32A",'All data map'!$F$1375:$J$1376, IF($Y$14="XBF-AD04A",'All data map'!$F$1377:$J$1387, IF($Y$14="XBF-AD08A",'All data map'!$F$1388:$J$1422, IF($Y$14="XBF-AD04C",'All data map'!$F$1423:$J$1453, IF($Y$14="XBF-DV04A",'All data map'!$F$1454:$J$1470, IF($Y$14="XBF-DC04A",'All data map'!$F$1471:$J$1487, IF($Y$14="XBF-DC04B",'All data map'!$F$1488:$J$1504, IF($Y$14="XBF-DV04C",'All data map'!$F$1505:$J$1525, IF($Y$14="XBF-DC04C",'All data map'!$F$1526:$J$1550, IF($Y$14="XBF-AH04A",'All data map'!$F$1551:$J$1570, IF($Y$14="XBF-RD04A",'All data map'!$F$1571:$J$1590, IF($Y$14="XBF-RD01A",'All data map'!$F$1591:$J$1604, IF($Y$14="XBF-TC04B",'All data map'!$F$1605:$J$1650, IF($Y$14="XBF-TC04S",'All data map'!$F$1651:$J$1696, IF($Y$14="XBF-LD02S",'All data map'!$F$1697:$J$1805, IF($Y$14="XBF-HO02A",'All data map'!$F$1806:$J$1866, IF($Y$14="XBF-HD02A",'All data map'!$F$1867:$J$1927,IF($Y$14="Header",'All data map'!$F$2063:$J$2075,))))))))))))))))))))))))))))))))),BH22,FALSE),"-") -> Temperature input module : Channel 0 disconnection | BB22: 13 | BC22: 13 | BD22: 13 | BE22: 13 | BF22: 13 | BG22: 13 | BH22: 13 | BI22: 13 | BJ22: 13 | BK22: 13 | BL22: 13 | BM22: 13 | BN22: 13 | BO22: 13 | BP22: 13 | BQ22: 13 | BR22: 13
B23: Total Refresh Data Size[Byte] | D23: =SUM(D10:D22) -> 162 | E23: =SUM(E10:E22) -> 30 | Z23: =IFERROR(HLOOKUP(VLOOKUP((VLOOKUP($Y$10,$B$10:$C$22,2,FALSE)),'All data map'!$C$1:$J$3005,4,FALSE),IF($Y$14="XBE-DC08A",'All data map'!$F$1359:$J$1359, IF($Y$14="XBE-DC16A",'All data map'!$F$1360:$J$1360, IF($Y$14="XBE-DC16B",'All data map'!$F$1361:$J$1361, IF($Y$14="XBE-DC32A",'All data map'!$F$1362:$J$1362, IF($Y$14="XBE-AC08A",'All data map'!$F$1363:$J$1363, IF($Y$14="XBE-TN08A",'All data map'!$F$1364:$J$1364, IF($Y$14="XBE-TP08A",'All data map'!$F$1365:$J$1365, IF($Y$14="XBE-TN16A",'All data map'!$F$1366:$J$1366, IF($Y$14="XBE-TP16A",'All data map'!$F$1367:$J$1367, IF($Y$14="XBE-TN32A",'All data map'!$F$1368:$J$1368, IF($Y$14="XBE-TP32A",'All data map'!$F$1369:$J$1369, IF($Y$14="XBE-RY08A",'All data map'!$F$1370:$J$1370, IF($Y$14="XBE-RY08B",'All data map'!$F$1371:$J$1371, IF($Y$14="XBE-RY16A",'All data map'!$F$1372:$J$1372, IF($Y$14="XBE-DR16A",'All data map'!$F$1373:$J$1374, IF($Y$14="XBE-DN32A",'All data map'!$F$1375:$J$1376, IF($Y$14="XBF-AD04A",'All data map'!$F$1377:$J$1387, IF($Y$14="XBF-AD08A",'All data map'!$F$1388:$J$1422, IF($Y$14="XBF-AD04C",'All data map'!$F$1423:$J$1453, IF($Y$14="XBF-DV04A",'All data map'!$F$1454:$J$1470, IF($Y$14="XBF-DC04A",'All data map'!$F$1471:$J$1487, IF($Y$14="XBF-DC04B",'All data map'!$F$1488:$J$1504, IF($Y$14="XBF-DV04C",'All data map'!$F$1505:$J$1525, IF($Y$14="XBF-DC04C",'All data map'!$F$1526:$J$1550, IF($Y$14="XBF-AH04A",'All data map'!$F$1551:$J$1570, IF($Y$14="XBF-RD04A",'All data map'!$F$1571:$J$1590, IF($Y$14="XBF-RD01A",'All data map'!$F$1591:$J$1604, IF($Y$14="XBF-TC04B",'All data map'!$F$1605:$J$1650, IF($Y$14="XBF-TC04S",'All data map'!$F$1651:$J$1696, IF($Y$14="XBF-LD02S",'All data map'!$F$1697:$J$1805, IF($Y$14="XBF-HO02A",'All data map'!$F$1806:$J$1866, IF($Y$14="XBF-HD02A",'All data map'!$F$1867:$J$1927,IF($Y$14="Header",'All data map'!$F$2063:$J$2075,))))))))))))))))))))))))))))))))),BD23,FALSE),"-") -> Input | AA23: =IFERROR(HLOOKUP(VLOOKUP((VLOOKUP($Y$10,$B$10:$C$22,2,FALSE)),'All data map'!$C$1:$J$3005,5,FALSE),IF($Y$14="XBE-DC08A",'All data map'!$F$1359:$J$1359, IF($Y$14="XBE-DC16A",'All data map'!$F$1360:$J$1360, IF($Y$14="XBE-DC16B",'All data map'!$F$1361:$J$1361, IF($Y$14="XBE-DC32A",'All data map'!$F$1362:$J$1362, IF($Y$14="XBE-AC08A",'All data map'!$F$1363:$J$1363, IF($Y$14="XBE-TN08A",'All data map'!$F$1364:$J$1364, IF($Y$14="XBE-TP08A",'All data map'!$F$1365:$J$1365, IF($Y$14="XBE-TN16A",'All data map'!$F$1366:$J$1366, IF($Y$14="XBE-TP16A",'All data map'!$F$1367:$J$1367, IF($Y$14="XBE-TN32A",'All data map'!$F$1368:$J$1368, IF($Y$14="XBE-TP32A",'All data map'!$F$1369:$J$1369, IF($Y$14="XBE-RY08A",'All data map'!$F$1370:$J$1370, IF($Y$14="XBE-RY08B",'All data map'!$F$1371:$J$1371, IF($Y$14="XBE-RY16A",'All data map'!$F$1372:$J$1372, IF($Y$14="XBE-DR16A",'All data map'!$F$1373:$J$1374, IF($Y$14="XBE-DN32A",'All data map'!$F$1375:$J$1376, IF($Y$14="XBF-AD04A",'All data map'!$F$1377:$J$1387, IF($Y$14="XBF-AD08A",'All data map'!$F$1388:$J$1422, IF($Y$14="XBF-AD04C",'All data map'!$F$1423:$J$1453, IF($Y$14="XBF-DV04A",'All data map'!$F$1454:$J$1470, IF($Y$14="XBF-DC04A",'All data map'!$F$1471:$J$1487, IF($Y$14="XBF-DC04B",'All data map'!$F$1488:$J$1504, IF($Y$14="XBF-DV04C",'All data map'!$F$1505:$J$1525, IF($Y$14="XBF-DC04C",'All data map'!$F$1526:$J$1550, IF($Y$14="XBF-AH04A",'All data map'!$F$1551:$J$1570, IF($Y$14="XBF-RD04A",'All data map'!$F$1571:$J$1590, IF($Y$14="XBF-RD01A",'All data map'!$F$1591:$J$1604, IF($Y$14="XBF-TC04B",'All data map'!$F$1605:$J$1650, IF($Y$14="XBF-TC04S",'All data map'!$F$1651:$J$1696, IF($Y$14="XBF-LD02S",'All data map'!$F$1697:$J$1805, IF($Y$14="XBF-HO02A",'All data map'!$F$1806:$J$1866, IF($Y$14="XBF-HD02A",'All data map'!$F$1867:$J$1927,IF($Y$14="Header",'All data map'!$F$2063:$H$2075,0))))))))))))))))))))))))))))))))),BE23,FALSE),"-") -> XBF-TC04B_CH1_BOUT | AB23: =IFERROR(HLOOKUP(VLOOKUP((VLOOKUP($Y$10,$B$10:$C$22,2,FALSE)),'All data map'!$C$1:$J$3005,6,FALSE),IF($Y$14="XBE-DC08A",'All data map'!$F$1359:$J$1359, IF($Y$14="XBE-DC16A",'All data map'!$F$1360:$J$1360, IF($Y$14="XBE-DC16B",'All data map'!$F$1361:$J$1361, IF($Y$14="XBE-DC32A",'All data map'!$F$1362:$J$1362, IF($Y$14="XBE-AC08A",'All data map'!$F$1363:$J$1363, IF($Y$14="XBE-TN08A",'All data map'!$F$1364:$J$1364, IF($Y$14="XBE-TP08A",'All data map'!$F$1365:$J$1365, IF($Y$14="XBE-TN16A",'All data map'!$F$1366:$J$1366, IF($Y$14="XBE-TP16A",'All data map'!$F$1367:$J$1367, IF($Y$14="XBE-TN32A",'All data map'!$F$1368:$J$1368, IF($Y$14="XBE-TP32A",'All data map'!$F$1369:$J$1369, IF($Y$14="XBE-RY08A",'All data map'!$F$1370:$J$1370, IF($Y$14="XBE-RY08B",'All data map'!$F$1371:$J$1371, IF($Y$14="XBE-RY16A",'All data map'!$F$1372:$J$1372, IF($Y$14="XBE-DR16A",'All data map'!$F$1373:$J$1374, IF($Y$14="XBE-DN32A",'All data map'!$F$1375:$J$1376, IF($Y$14="XBF-AD04A",'All data map'!$F$1377:$J$1387, IF($Y$14="XBF-AD08A",'All data map'!$F$1388:$J$1422, IF($Y$14="XBF-AD04C",'All data map'!$F$1423:$J$1453, IF($Y$14="XBF-DV04A",'All data map'!$F$1454:$J$1470, IF($Y$14="XBF-DC04A",'All data map'!$F$1471:$J$1487, IF($Y$14="XBF-DC04B",'All data map'!$F$1488:$J$1504, IF($Y$14="XBF-DV04C",'All data map'!$F$1505:$J$1525, IF($Y$14="XBF-DC04C",'All data map'!$F$1526:$J$1550, IF($Y$14="XBF-AH04A",'All data map'!$F$1551:$J$1570, IF($Y$14="XBF-RD04A",'All data map'!$F$1571:$J$1590, IF($Y$14="XBF-RD01A",'All data map'!$F$1591:$J$1604, IF($Y$14="XBF-TC04B",'All data map'!$F$1605:$J$1650, IF($Y$14="XBF-TC04S",'All data map'!$F$1651:$J$1696, IF($Y$14="XBF-LD02S",'All data map'!$F$1697:$J$1805, IF($Y$14="XBF-HO02A",'All data map'!$F$1806:$J$1866, IF($Y$14="XBF-HD02A",'All data map'!$F$1867:$J$1927,IF($Y$14="Header",'All data map'!$F$2063:$J$2075,))))))))))))))))))))))))))))))))),BF23,FALSE),"-") -> BIT | AC23: =IFERROR(HLOOKUP(VLOOKUP((VLOOKUP($Y$10,$B$10:$C$22,2,FALSE)),'All data map'!$C$1:$J$3005,7,FALSE),IF($Y$14="XBE-DC08A",'All data map'!$F$1359:$J$1359, IF($Y$14="XBE-DC16A",'All data map'!$F$1360:$J$1360, IF($Y$14="XBE-DC16B",'All data map'!$F$1361:$J$1361, IF($Y$14="XBE-DC32A",'All data map'!$F$1362:$J$1362, IF($Y$14="XBE-AC08A",'All data map'!$F$1363:$J$1363, IF($Y$14="XBE-TN08A",'All data map'!$F$1364:$J$1364, IF($Y$14="XBE-TP08A",'All data map'!$F$1365:$J$1365, IF($Y$14="XBE-TN16A",'All data map'!$F$1366:$J$1366, IF($Y$14="XBE-TP16A",'All data map'!$F$1367:$J$1367, IF($Y$14="XBE-TN32A",'All data map'!$F$1368:$J$1368, IF($Y$14="XBE-TP32A",'All data map'!$F$1369:$J$1369, IF($Y$14="XBE-RY08A",'All data map'!$F$1370:$J$1370, IF($Y$14="XBE-RY08B",'All data map'!$F$1371:$J$1371, IF($Y$14="XBE-RY16A",'All data map'!$F$1372:$J$1372, IF($Y$14="XBE-DR16A",'All data map'!$F$1373:$J$1374, IF($Y$14="XBE-DN32A",'All data map'!$F$1375:$J$1376, IF($Y$14="XBF-AD04A",'All data map'!$F$1377:$J$1387, IF($Y$14="XBF-AD08A",'All data map'!$F$1388:$J$1422, IF($Y$14="XBF-AD04C",'All data map'!$F$1423:$J$1453, IF($Y$14="XBF-DV04A",'All data map'!$F$1454:$J$1470, IF($Y$14="XBF-DC04A",'All data map'!$F$1471:$J$1487, IF($Y$14="XBF-DC04B",'All data map'!$F$1488:$J$1504, IF($Y$14="XBF-DV04C",'All data map'!$F$1505:$J$1525, IF($Y$14="XBF-DC04C",'All data map'!$F$1526:$J$1550, IF($Y$14="XBF-AH04A",'All data map'!$F$1551:$J$1570, IF($Y$14="XBF-RD04A",'All data map'!$F$1571:$J$1590, IF($Y$14="XBF-RD01A",'All data map'!$F$1591:$J$1604, IF($Y$14="XBF-TC04B",'All data map'!$F$1605:$J$1650, IF($Y$14="XBF-TC04S",'All data map'!$F$1651:$J$1696, IF($Y$14="XBF-LD02S",'All data map'!$F$1697:$J$1805, IF($Y$14="XBF-HO02A",'All data map'!$F$1806:$J$1866, IF($Y$14="XBF-HD02A",'All data map'!$F$1867:$J$1927,IF($Y$14="Header",'All data map'!$F$2063:$J$2075,))))))))))))))))))))))))))))))))),BG23,FALSE),"-") -> 1.5 | AD23: =IFERROR(HLOOKUP(VLOOKUP((VLOOKUP($Y$10,$B$10:$C$22,2,FALSE)),'All data map'!$C$1:$J$3005,8,FALSE),IF($Y$14="XBE-DC08A",'All data map'!$F$1359:$J$1359, IF($Y$14="XBE-DC16A",'All data map'!$F$1360:$J$1360, IF($Y$14="XBE-DC16B",'All data map'!$F$1361:$J$1361, IF($Y$14="XBE-DC32A",'All data map'!$F$1362:$J$1362, IF($Y$14="XBE-AC08A",'All data map'!$F$1363:$J$1363, IF($Y$14="XBE-TN08A",'All data map'!$F$1364:$J$1364, IF($Y$14="XBE-TP08A",'All data map'!$F$1365:$J$1365, IF($Y$14="XBE-TN16A",'All data map'!$F$1366:$J$1366, IF($Y$14="XBE-TP16A",'All data map'!$F$1367:$J$1367, IF($Y$14="XBE-TN32A",'All data map'!$F$1368:$J$1368, IF($Y$14="XBE-TP32A",'All data map'!$F$1369:$J$1369, IF($Y$14="XBE-RY08A",'All data map'!$F$1370:$J$1370, IF($Y$14="XBE-RY08B",'All data map'!$F$1371:$J$1371, IF($Y$14="XBE-RY16A",'All data map'!$F$1372:$J$1372, IF($Y$14="XBE-DR16A",'All data map'!$F$1373:$J$1374, IF($Y$14="XBE-DN32A",'All data map'!$F$1375:$J$1376, IF($Y$14="XBF-AD04A",'All data map'!$F$1377:$J$1387, IF($Y$14="XBF-AD08A",'All data map'!$F$1388:$J$1422, IF($Y$14="XBF-AD04C",'All data map'!$F$1423:$J$1453, IF($Y$14="XBF-DV04A",'All data map'!$F$1454:$J$1470, IF($Y$14="XBF-DC04A",'All data map'!$F$1471:$J$1487, IF($Y$14="XBF-DC04B",'All data map'!$F$1488:$J$1504, IF($Y$14="XBF-DV04C",'All data map'!$F$1505:$J$1525, IF($Y$14="XBF-DC04C",'All data map'!$F$1526:$J$1550, IF($Y$14="XBF-AH04A",'All data map'!$F$1551:$J$1570, IF($Y$14="XBF-RD04A",'All data map'!$F$1571:$J$1590, IF($Y$14="XBF-RD01A",'All data map'!$F$1591:$J$1604, IF($Y$14="XBF-TC04B",'All data map'!$F$1605:$J$1650, IF($Y$14="XBF-TC04S",'All data map'!$F$1651:$J$1696, IF($Y$14="XBF-LD02S",'All data map'!$F$1697:$J$1805, IF($Y$14="XBF-HO02A",'All data map'!$F$1806:$J$1866, IF($Y$14="XBF-HD02A",'All data map'!$F$1867:$J$1927,IF($Y$14="Header",'All data map'!$F$2063:$J$2075,))))))))))))))))))))))))))))))))),BH23,FALSE),"-") -> Temperature input module : Channel 1 disconnection | BB23: 14 | BC23: 14 | BD23: 14 | BE23: 14 | BF23: 14 | BG23: 14 | BH23: 14 | BI23: 14 | BJ23: 14 | BK23: 14 | BL23: 14 | BM23: 14 | BN23: 14 | BO23: 14 | BP23: 14 | BQ23: 14 | BR23: 14
B24: Total Refresh Data Size [Word] | D24: =D23/2 -> 81 | E24: =E23/2 -> 15 | Z24: =IFERROR(HLOOKUP(VLOOKUP((VLOOKUP($Y$10,$B$10:$C$22,2,FALSE)),'All data map'!$C$1:$J$3005,4,FALSE),IF($Y$14="XBE-DC08A",'All data map'!$F$1359:$J$1359, IF($Y$14="XBE-DC16A",'All data map'!$F$1360:$J$1360, IF($Y$14="XBE-DC16B",'All data map'!$F$1361:$J$1361, IF($Y$14="XBE-DC32A",'All data map'!$F$1362:$J$1362, IF($Y$14="XBE-AC08A",'All data map'!$F$1363:$J$1363, IF($Y$14="XBE-TN08A",'All data map'!$F$1364:$J$1364, IF($Y$14="XBE-TP08A",'All data map'!$F$1365:$J$1365, IF($Y$14="XBE-TN16A",'All data map'!$F$1366:$J$1366, IF($Y$14="XBE-TP16A",'All data map'!$F$1367:$J$1367, IF($Y$14="XBE-TN32A",'All data map'!$F$1368:$J$1368, IF($Y$14="XBE-TP32A",'All data map'!$F$1369:$J$1369, IF($Y$14="XBE-RY08A",'All data map'!$F$1370:$J$1370, IF($Y$14="XBE-RY08B",'All data map'!$F$1371:$J$1371, IF($Y$14="XBE-RY16A",'All data map'!$F$1372:$J$1372, IF($Y$14="XBE-DR16A",'All data map'!$F$1373:$J$1374, IF($Y$14="XBE-DN32A",'All data map'!$F$1375:$J$1376, IF($Y$14="XBF-AD04A",'All data map'!$F$1377:$J$1387, IF($Y$14="XBF-AD08A",'All data map'!$F$1388:$J$1422, IF($Y$14="XBF-AD04C",'All data map'!$F$1423:$J$1453, IF($Y$14="XBF-DV04A",'All data map'!$F$1454:$J$1470, IF($Y$14="XBF-DC04A",'All data map'!$F$1471:$J$1487, IF($Y$14="XBF-DC04B",'All data map'!$F$1488:$J$1504, IF($Y$14="XBF-DV04C",'All data map'!$F$1505:$J$1525, IF($Y$14="XBF-DC04C",'All data map'!$F$1526:$J$1550, IF($Y$14="XBF-AH04A",'All data map'!$F$1551:$J$1570, IF($Y$14="XBF-RD04A",'All data map'!$F$1571:$J$1590, IF($Y$14="XBF-RD01A",'All data map'!$F$1591:$J$1604, IF($Y$14="XBF-TC04B",'All data map'!$F$1605:$J$1650, IF($Y$14="XBF-TC04S",'All data map'!$F$1651:$J$1696, IF($Y$14="XBF-LD02S",'All data map'!$F$1697:$J$1805, IF($Y$14="XBF-HO02A",'All data map'!$F$1806:$J$1866, IF($Y$14="XBF-HD02A",'All data map'!$F$1867:$J$1927,IF($Y$14="Header",'All data map'!$F$2063:$J$2075,))))))))))))))))))))))))))))))))),BD24,FALSE),"-") -> Input | AA24: =IFERROR(HLOOKUP(VLOOKUP((VLOOKUP($Y$10,$B$10:$C$22,2,FALSE)),'All data map'!$C$1:$J$3005,5,FALSE),IF($Y$14="XBE-DC08A",'All data map'!$F$1359:$J$1359, IF($Y$14="XBE-DC16A",'All data map'!$F$1360:$J$1360, IF($Y$14="XBE-DC16B",'All data map'!$F$1361:$J$1361, IF($Y$14="XBE-DC32A",'All data map'!$F$1362:$J$1362, IF($Y$14="XBE-AC08A",'All data map'!$F$1363:$J$1363, IF($Y$14="XBE-TN08A",'All data map'!$F$1364:$J$1364, IF($Y$14="XBE-TP08A",'All data map'!$F$1365:$J$1365, IF($Y$14="XBE-TN16A",'All data map'!$F$1366:$J$1366, IF($Y$14="XBE-TP16A",'All data map'!$F$1367:$J$1367, IF($Y$14="XBE-TN32A",'All data map'!$F$1368:$J$1368, IF($Y$14="XBE-TP32A",'All data map'!$F$1369:$J$1369, IF($Y$14="XBE-RY08A",'All data map'!$F$1370:$J$1370, IF($Y$14="XBE-RY08B",'All data map'!$F$1371:$J$1371, IF($Y$14="XBE-RY16A",'All data map'!$F$1372:$J$1372, IF($Y$14="XBE-DR16A",'All data map'!$F$1373:$J$1374, IF($Y$14="XBE-DN32A",'All data map'!$F$1375:$J$1376, IF($Y$14="XBF-AD04A",'All data map'!$F$1377:$J$1387, IF($Y$14="XBF-AD08A",'All data map'!$F$1388:$J$1422, IF($Y$14="XBF-AD04C",'All data map'!$F$1423:$J$1453, IF($Y$14="XBF-DV04A",'All data map'!$F$1454:$J$1470, IF($Y$14="XBF-DC04A",'All data map'!$F$1471:$J$1487, IF($Y$14="XBF-DC04B",'All data map'!$F$1488:$J$1504, IF($Y$14="XBF-DV04C",'All data map'!$F$1505:$J$1525, IF($Y$14="XBF-DC04C",'All data map'!$F$1526:$J$1550, IF($Y$14="XBF-AH04A",'All data map'!$F$1551:$J$1570, IF($Y$14="XBF-RD04A",'All data map'!$F$1571:$J$1590, IF($Y$14="XBF-RD01A",'All data map'!$F$1591:$J$1604, IF($Y$14="XBF-TC04B",'All data map'!$F$1605:$J$1650, IF($Y$14="XBF-TC04S",'All data map'!$F$1651:$J$1696, IF($Y$14="XBF-LD02S",'All data map'!$F$1697:$J$1805, IF($Y$14="XBF-HO02A",'All data map'!$F$1806:$J$1866, IF($Y$14="XBF-HD02A",'All data map'!$F$1867:$J$1927,IF($Y$14="Header",'All data map'!$F$2063:$H$2075,0))))))))))))))))))))))))))))))))),BE24,FALSE),"-") -> XBF-TC04B_CH2_BOUT | AB24: =IFERROR(HLOOKUP(VLOOKUP((VLOOKUP($Y$10,$B$10:$C$22,2,FALSE)),'All data map'!$C$1:$J$3005,6,FALSE),IF($Y$14="XBE-DC08A",'All data map'!$F$1359:$J$1359, IF($Y$14="XBE-DC16A",'All data map'!$F$1360:$J$1360, IF($Y$14="XBE-DC16B",'All data map'!$F$1361:$J$1361, IF($Y$14="XBE-DC32A",'All data map'!$F$1362:$J$1362, IF($Y$14="XBE-AC08A",'All data map'!$F$1363:$J$1363, IF($Y$14="XBE-TN08A",'All data map'!$F$1364:$J$1364, IF($Y$14="XBE-TP08A",'All data map'!$F$1365:$J$1365, IF($Y$14="XBE-TN16A",'All data map'!$F$1366:$J$1366, IF($Y$14="XBE-TP16A",'All data map'!$F$1367:$J$1367, IF($Y$14="XBE-TN32A",'All data map'!$F$1368:$J$1368, IF($Y$14="XBE-TP32A",'All data map'!$F$1369:$J$1369, IF($Y$14="XBE-RY08A",'All data map'!$F$1370:$J$1370, IF($Y$14="XBE-RY08B",'All data map'!$F$1371:$J$1371, IF($Y$14="XBE-RY16A",'All data map'!$F$1372:$J$1372, IF($Y$14="XBE-DR16A",'All data map'!$F$1373:$J$1374, IF($Y$14="XBE-DN32A",'All data map'!$F$1375:$J$1376, IF($Y$14="XBF-AD04A",'All data map'!$F$1377:$J$1387, IF($Y$14="XBF-AD08A",'All data map'!$F$1388:$J$1422, IF($Y$14="XBF-AD04C",'All data map'!$F$1423:$J$1453, IF($Y$14="XBF-DV04A",'All data map'!$F$1454:$J$1470, IF($Y$14="XBF-DC04A",'All data map'!$F$1471:$J$1487, IF($Y$14="XBF-DC04B",'All data map'!$F$1488:$J$1504, IF($Y$14="XBF-DV04C",'All data map'!$F$1505:$J$1525, IF($Y$14="XBF-DC04C",'All data map'!$F$1526:$J$1550, IF($Y$14="XBF-AH04A",'All data map'!$F$1551:$J$1570, IF($Y$14="XBF-RD04A",'All data map'!$F$1571:$J$1590, IF($Y$14="XBF-RD01A",'All data map'!$F$1591:$J$1604, IF($Y$14="XBF-TC04B",'All data map'!$F$1605:$J$1650, IF($Y$14="XBF-TC04S",'All data map'!$F$1651:$J$1696, IF($Y$14="XBF-LD02S",'All data map'!$F$1697:$J$1805, IF($Y$14="XBF-HO02A",'All data map'!$F$1806:$J$1866, IF($Y$14="XBF-HD02A",'All data map'!$F$1867:$J$1927,IF($Y$14="Header",'All data map'!$F$2063:$J$2075,))))))))))))))))))))))))))))))))),BF24,FALSE),"-") -> BIT | AC24: =IFERROR(HLOOKUP(VLOOKUP((VLOOKUP($Y$10,$B$10:$C$22,2,FALSE)),'All data map'!$C$1:$J$3005,7,FALSE),IF($Y$14="XBE-DC08A",'All data map'!$F$1359:$J$1359, IF($Y$14="XBE-DC16A",'All data map'!$F$1360:$J$1360, IF($Y$14="XBE-DC16B",'All data map'!$F$1361:$J$1361, IF($Y$14="XBE-DC32A",'All data map'!$F$1362:$J$1362, IF($Y$14="XBE-AC08A",'All data map'!$F$1363:$J$1363, IF($Y$14="XBE-TN08A",'All data map'!$F$1364:$J$1364, IF($Y$14="XBE-TP08A",'All data map'!$F$1365:$J$1365, IF($Y$14="XBE-TN16A",'All data map'!$F$1366:$J$1366, IF($Y$14="XBE-TP16A",'All data map'!$F$1367:$J$1367, IF($Y$14="XBE-TN32A",'All data map'!$F$1368:$J$1368, IF($Y$14="XBE-TP32A",'All data map'!$F$1369:$J$1369, IF($Y$14="XBE-RY08A",'All data map'!$F$1370:$J$1370, IF($Y$14="XBE-RY08B",'All data map'!$F$1371:$J$1371, IF($Y$14="XBE-RY16A",'All data map'!$F$1372:$J$1372, IF($Y$14="XBE-DR16A",'All data map'!$F$1373:$J$1374, IF($Y$14="XBE-DN32A",'All data map'!$F$1375:$J$1376, IF($Y$14="XBF-AD04A",'All data map'!$F$1377:$J$1387, IF($Y$14="XBF-AD08A",'All data map'!$F$1388:$J$1422, IF($Y$14="XBF-AD04C",'All data map'!$F$1423:$J$1453, IF($Y$14="XBF-DV04A",'All data map'!$F$1454:$J$1470, IF($Y$14="XBF-DC04A",'All data map'!$F$1471:$J$1487, IF($Y$14="XBF-DC04B",'All data map'!$F$1488:$J$1504, IF($Y$14="XBF-DV04C",'All data map'!$F$1505:$J$1525, IF($Y$14="XBF-DC04C",'All data map'!$F$1526:$J$1550, IF($Y$14="XBF-AH04A",'All data map'!$F$1551:$J$1570, IF($Y$14="XBF-RD04A",'All data map'!$F$1571:$J$1590, IF($Y$14="XBF-RD01A",'All data map'!$F$1591:$J$1604, IF($Y$14="XBF-TC04B",'All data map'!$F$1605:$J$1650, IF($Y$14="XBF-TC04S",'All data map'!$F$1651:$J$1696, IF($Y$14="XBF-LD02S",'All data map'!$F$1697:$J$1805, IF($Y$14="XBF-HO02A",'All data map'!$F$1806:$J$1866, IF($Y$14="XBF-HD02A",'All data map'!$F$1867:$J$1927,IF($Y$14="Header",'All data map'!$F$2063:$J$2075,))))))))))))))))))))))))))))))))),BG24,FALSE),"-") -> 1.6 | AD24: =IFERROR(HLOOKUP(VLOOKUP((VLOOKUP($Y$10,$B$10:$C$22,2,FALSE)),'All data map'!$C$1:$J$3005,8,FALSE),IF($Y$14="XBE-DC08A",'All data map'!$F$1359:$J$1359, IF($Y$14="XBE-DC16A",'All data map'!$F$1360:$J$1360, IF($Y$14="XBE-DC16B",'All data map'!$F$1361:$J$1361, IF($Y$14="XBE-DC32A",'All data map'!$F$1362:$J$1362, IF($Y$14="XBE-AC08A",'All data map'!$F$1363:$J$1363, IF($Y$14="XBE-TN08A",'All data map'!$F$1364:$J$1364, IF($Y$14="XBE-TP08A",'All data map'!$F$1365:$J$1365, IF($Y$14="XBE-TN16A",'All data map'!$F$1366:$J$1366, IF($Y$14="XBE-TP16A",'All data map'!$F$1367:$J$1367, IF($Y$14="XBE-TN32A",'All data map'!$F$1368:$J$1368, IF($Y$14="XBE-TP32A",'All data map'!$F$1369:$J$1369, IF($Y$14="XBE-RY08A",'All data map'!$F$1370:$J$1370, IF($Y$14="XBE-RY08B",'All data map'!$F$1371:$J$1371, IF($Y$14="XBE-RY16A",'All data map'!$F$1372:$J$1372, IF($Y$14="XBE-DR16A",'All data map'!$F$1373:$J$1374, IF($Y$14="XBE-DN32A",'All data map'!$F$1375:$J$1376, IF($Y$14="XBF-AD04A",'All data map'!$F$1377:$J$1387, IF($Y$14="XBF-AD08A",'All data map'!$F$1388:$J$1422, IF($Y$14="XBF-AD04C",'All data map'!$F$1423:$J$1453, IF($Y$14="XBF-DV04A",'All data map'!$F$1454:$J$1470, IF($Y$14="XBF-DC04A",'All data map'!$F$1471:$J$1487, IF($Y$14="XBF-DC04B",'All data map'!$F$1488:$J$1504, IF($Y$14="XBF-DV04C",'All data map'!$F$1505:$J$1525, IF($Y$14="XBF-DC04C",'All data map'!$F$1526:$J$1550, IF($Y$14="XBF-AH04A",'All data map'!$F$1551:$J$1570, IF($Y$14="XBF-RD04A",'All data map'!$F$1571:$J$1590, IF($Y$14="XBF-RD01A",'All data map'!$F$1591:$J$1604, IF($Y$14="XBF-TC04B",'All data map'!$F$1605:$J$1650, IF($Y$14="XBF-TC04S",'All data map'!$F$1651:$J$1696, IF($Y$14="XBF-LD02S",'All data map'!$F$1697:$J$1805, IF($Y$14="XBF-HO02A",'All data map'!$F$1806:$J$1866, IF($Y$14="XBF-HD02A",'All data map'!$F$1867:$J$1927,IF($Y$14="Header",'All data map'!$F$2063:$J$2075,))))))))))))))))))))))))))))))))),BH24,FALSE),"-") -> Temperature input module : Channel 2 disconnection | BB24: 15 | BC24: 15 | BD24: 15 | BE24: 15 | BF24: 15 | BG24: 15 | BH24: 15 | BI24: 15 | BJ24: 15 | BK24: 15 | BL24: 15 | BM24: 15 | BN24: 15 | BO24: 15 | BP24: 15 | BQ24: 15 | BR24: 15
Z25: =IFERROR(HLOOKUP(VLOOKUP((VLOOKUP($Y$10,$B$10:$C$22,2,FALSE)),'All data map'!$C$1:$J$3005,4,FALSE),IF($Y$14="XBE-DC08A",'All data map'!$F$1359:$J$1359, IF($Y$14="XBE-DC16A",'All data map'!$F$1360:$J$1360, IF($Y$14="XBE-DC16B",'All data map'!$F$1361:$J$1361, IF($Y$14="XBE-DC32A",'All data map'!$F$1362:$J$1362, IF($Y$14="XBE-AC08A",'All data map'!$F$1363:$J$1363, IF($Y$14="XBE-TN08A",'All data map'!$F$1364:$J$1364, IF($Y$14="XBE-TP08A",'All data map'!$F$1365:$J$1365, IF($Y$14="XBE-TN16A",'All data map'!$F$1366:$J$1366, IF($Y$14="XBE-TP16A",'All data map'!$F$1367:$J$1367, IF($Y$14="XBE-TN32A",'All data map'!$F$1368:$J$1368, IF($Y$14="XBE-TP32A",'All data map'!$F$1369:$J$1369, IF($Y$14="XBE-RY08A",'All data map'!$F$1370:$J$1370, IF($Y$14="XBE-RY08B",'All data map'!$F$1371:$J$1371, IF($Y$14="XBE-RY16A",'All data map'!$F$1372:$J$1372, IF($Y$14="XBE-DR16A",'All data map'!$F$1373:$J$1374, IF($Y$14="XBE-DN32A",'All data map'!$F$1375:$J$1376, IF($Y$14="XBF-AD04A",'All data map'!$F$1377:$J$1387, IF($Y$14="XBF-AD08A",'All data map'!$F$1388:$J$1422, IF($Y$14="XBF-AD04C",'All data map'!$F$1423:$J$1453, IF($Y$14="XBF-DV04A",'All data map'!$F$1454:$J$1470, IF($Y$14="XBF-DC04A",'All data map'!$F$1471:$J$1487, IF($Y$14="XBF-DC04B",'All data map'!$F$1488:$J$1504, IF($Y$14="XBF-DV04C",'All data map'!$F$1505:$J$1525, IF($Y$14="XBF-DC04C",'All data map'!$F$1526:$J$1550, IF($Y$14="XBF-AH04A",'All data map'!$F$1551:$J$1570, IF($Y$14="XBF-RD04A",'All data map'!$F$1571:$J$1590, IF($Y$14="XBF-RD01A",'All data map'!$F$1591:$J$1604, IF($Y$14="XBF-TC04B",'All data map'!$F$1605:$J$1650, IF($Y$14="XBF-TC04S",'All data map'!$F$1651:$J$1696, IF($Y$14="XBF-LD02S",'All data map'!$F$1697:$J$1805, IF($Y$14="XBF-HO02A",'All data map'!$F$1806:$J$1866, IF($Y$14="XBF-HD02A",'All data map'!$F$1867:$J$1927,IF($Y$14="Header",'All data map'!$F$2063:$J$2075,))))))))))))))))))))))))))))))))),BD25,FALSE),"-") -> Input | AA25: =IFERROR(HLOOKUP(VLOOKUP((VLOOKUP($Y$10,$B$10:$C$22,2,FALSE)),'All data map'!$C$1:$J$3005,5,FALSE),IF($Y$14="XBE-DC08A",'All data map'!$F$1359:$J$1359, IF($Y$14="XBE-DC16A",'All data map'!$F$1360:$J$1360, IF($Y$14="XBE-DC16B",'All data map'!$F$1361:$J$1361, IF($Y$14="XBE-DC32A",'All data map'!$F$1362:$J$1362, IF($Y$14="XBE-AC08A",'All data map'!$F$1363:$J$1363, IF($Y$14="XBE-TN08A",'All data map'!$F$1364:$J$1364, IF($Y$14="XBE-TP08A",'All data map'!$F$1365:$J$1365, IF($Y$14="XBE-TN16A",'All data map'!$F$1366:$J$1366, IF($Y$14="XBE-TP16A",'All data map'!$F$1367:$J$1367, IF($Y$14="XBE-TN32A",'All data map'!$F$1368:$J$1368, IF($Y$14="XBE-TP32A",'All data map'!$F$1369:$J$1369, IF($Y$14="XBE-RY08A",'All data map'!$F$1370:$J$1370, IF($Y$14="XBE-RY08B",'All data map'!$F$1371:$J$1371, IF($Y$14="XBE-RY16A",'All data map'!$F$1372:$J$1372, IF($Y$14="XBE-DR16A",'All data map'!$F$1373:$J$1374, IF($Y$14="XBE-DN32A",'All data map'!$F$1375:$J$1376, IF($Y$14="XBF-AD04A",'All data map'!$F$1377:$J$1387, IF($Y$14="XBF-AD08A",'All data map'!$F$1388:$J$1422, IF($Y$14="XBF-AD04C",'All data map'!$F$1423:$J$1453, IF($Y$14="XBF-DV04A",'All data map'!$F$1454:$J$1470, IF($Y$14="XBF-DC04A",'All data map'!$F$1471:$J$1487, IF($Y$14="XBF-DC04B",'All data map'!$F$1488:$J$1504, IF($Y$14="XBF-DV04C",'All data map'!$F$1505:$J$1525, IF($Y$14="XBF-DC04C",'All data map'!$F$1526:$J$1550, IF($Y$14="XBF-AH04A",'All data map'!$F$1551:$J$1570, IF($Y$14="XBF-RD04A",'All data map'!$F$1571:$J$1590, IF($Y$14="XBF-RD01A",'All data map'!$F$1591:$J$1604, IF($Y$14="XBF-TC04B",'All data map'!$F$1605:$J$1650, IF($Y$14="XBF-TC04S",'All data map'!$F$1651:$J$1696, IF($Y$14="XBF-LD02S",'All data map'!$F$1697:$J$1805, IF($Y$14="XBF-HO02A",'All data map'!$F$1806:$J$1866, IF($Y$14="XBF-HD02A",'All data map'!$F$1867:$J$1927,IF($Y$14="Header",'All data map'!$F$2063:$H$2075,0))))))))))))))))))))))))))))))))),BE25,FALSE),"-") -> XBF-TC04B_CH3_BOUT | AB25: =IFERROR(HLOOKUP(VLOOKUP((VLOOKUP($Y$10,$B$10:$C$22,2,FALSE)),'All data map'!$C$1:$J$3005,6,FALSE),IF($Y$14="XBE-DC08A",'All data map'!$F$1359:$J$1359, IF($Y$14="XBE-DC16A",'All data map'!$F$1360:$J$1360, IF($Y$14="XBE-DC16B",'All data map'!$F$1361:$J$1361, IF($Y$14="XBE-DC32A",'All data map'!$F$1362:$J$1362, IF($Y$14="XBE-AC08A",'All data map'!$F$1363:$J$1363, IF($Y$14="XBE-TN08A",'All data map'!$F$1364:$J$1364, IF($Y$14="XBE-TP08A",'All data map'!$F$1365:$J$1365, IF($Y$14="XBE-TN16A",'All data map'!$F$1366:$J$1366, IF($Y$14="XBE-TP16A",'All data map'!$F$1367:$J$1367, IF($Y$14="XBE-TN32A",'All data map'!$F$1368:$J$1368, IF($Y$14="XBE-TP32A",'All data map'!$F$1369:$J$1369, IF($Y$14="XBE-RY08A",'All data map'!$F$1370:$J$1370, IF($Y$14="XBE-RY08B",'All data map'!$F$1371:$J$1371, IF($Y$14="XBE-RY16A",'All data map'!$F$1372:$J$1372, IF($Y$14="XBE-DR16A",'All data map'!$F$1373:$J$1374, IF($Y$14="XBE-DN32A",'All data map'!$F$1375:$J$1376, IF($Y$14="XBF-AD04A",'All data map'!$F$1377:$J$1387, IF($Y$14="XBF-AD08A",'All data map'!$F$1388:$J$1422, IF($Y$14="XBF-AD04C",'All data map'!$F$1423:$J$1453, IF($Y$14="XBF-DV04A",'All data map'!$F$1454:$J$1470, IF($Y$14="XBF-DC04A",'All data map'!$F$1471:$J$1487, IF($Y$14="XBF-DC04B",'All data map'!$F$1488:$J$1504, IF($Y$14="XBF-DV04C",'All data map'!$F$1505:$J$1525, IF($Y$14="XBF-DC04C",'All data map'!$F$1526:$J$1550, IF($Y$14="XBF-AH04A",'All data map'!$F$1551:$J$1570, IF($Y$14="XBF-RD04A",'All data map'!$F$1571:$J$1590, IF($Y$14="XBF-RD01A",'All data map'!$F$1591:$J$1604, IF($Y$14="XBF-TC04B",'All data map'!$F$1605:$J$1650, IF($Y$14="XBF-TC04S",'All data map'!$F$1651:$J$1696, IF($Y$14="XBF-LD02S",'All data map'!$F$1697:$J$1805, IF($Y$14="XBF-HO02A",'All data map'!$F$1806:$J$1866, IF($Y$14="XBF-HD02A",'All data map'!$F$1867:$J$1927,IF($Y$14="Header",'All data map'!$F$2063:$J$2075,))))))))))))))))))))))))))))))))),BF25,FALSE),"-") -> BIT | AC25: =IFERROR(HLOOKUP(VLOOKUP((VLOOKUP($Y$10,$B$10:$C$22,2,FALSE)),'All data map'!$C$1:$J$3005,7,FALSE),IF($Y$14="XBE-DC08A",'All data map'!$F$1359:$J$1359, IF($Y$14="XBE-DC16A",'All data map'!$F$1360:$J$1360, IF($Y$14="XBE-DC16B",'All data map'!$F$1361:$J$1361, IF($Y$14="XBE-DC32A",'All data map'!$F$1362:$J$1362, IF($Y$14="XBE-AC08A",'All data map'!$F$1363:$J$1363, IF($Y$14="XBE-TN08A",'All data map'!$F$1364:$J$1364, IF($Y$14="XBE-TP08A",'All data map'!$F$1365:$J$1365, IF($Y$14="XBE-TN16A",'All data map'!$F$1366:$J$1366, IF($Y$14="XBE-TP16A",'All data map'!$F$1367:$J$1367, IF($Y$14="XBE-TN32A",'All data map'!$F$1368:$J$1368, IF($Y$14="XBE-TP32A",'All data map'!$F$1369:$J$1369, IF($Y$14="XBE-RY08A",'All data map'!$F$1370:$J$1370, IF($Y$14="XBE-RY08B",'All data map'!$F$1371:$J$1371, IF($Y$14="XBE-RY16A",'All data map'!$F$1372:$J$1372, IF($Y$14="XBE-DR16A",'All data map'!$F$1373:$J$1374, IF($Y$14="XBE-DN32A",'All data map'!$F$1375:$J$1376, IF($Y$14="XBF-AD04A",'All data map'!$F$1377:$J$1387, IF($Y$14="XBF-AD08A",'All data map'!$F$1388:$J$1422, IF($Y$14="XBF-AD04C",'All data map'!$F$1423:$J$1453, IF($Y$14="XBF-DV04A",'All data map'!$F$1454:$J$1470, IF($Y$14="XBF-DC04A",'All data map'!$F$1471:$J$1487, IF($Y$14="XBF-DC04B",'All data map'!$F$1488:$J$1504, IF($Y$14="XBF-DV04C",'All data map'!$F$1505:$J$1525, IF($Y$14="XBF-DC04C",'All data map'!$F$1526:$J$1550, IF($Y$14="XBF-AH04A",'All data map'!$F$1551:$J$1570, IF($Y$14="XBF-RD04A",'All data map'!$F$1571:$J$1590, IF($Y$14="XBF-RD01A",'All data map'!$F$1591:$J$1604, IF($Y$14="XBF-TC04B",'All data map'!$F$1605:$J$1650, IF($Y$14="XBF-TC04S",'All data map'!$F$1651:$J$1696, IF($Y$14="XBF-LD02S",'All data map'!$F$1697:$J$1805, IF($Y$14="XBF-HO02A",'All data map'!$F$1806:$J$1866, IF($Y$14="XBF-HD02A",'All data map'!$F$1867:$J$1927,IF($Y$14="Header",'All data map'!$F$2063:$J$2075,))))))))))))))))))))))))))))))))),BG25,FALSE),"-") -> 1.7 | AD25: =IFERROR(HLOOKUP(VLOOKUP((VLOOKUP($Y$10,$B$10:$C$22,2,FALSE)),'All data map'!$C$1:$J$3005,8,FALSE),IF($Y$14="XBE-DC08A",'All data map'!$F$1359:$J$1359, IF($Y$14="XBE-DC16A",'All data map'!$F$1360:$J$1360, IF($Y$14="XBE-DC16B",'All data map'!$F$1361:$J$1361, IF($Y$14="XBE-DC32A",'All data map'!$F$1362:$J$1362, IF($Y$14="XBE-AC08A",'All data map'!$F$1363:$J$1363, IF($Y$14="XBE-TN08A",'All data map'!$F$1364:$J$1364, IF($Y$14="XBE-TP08A",'All data map'!$F$1365:$J$1365, IF($Y$14="XBE-TN16A",'All data map'!$F$1366:$J$1366, IF($Y$14="XBE-TP16A",'All data map'!$F$1367:$J$1367, IF($Y$14="XBE-TN32A",'All data map'!$F$1368:$J$1368, IF($Y$14="XBE-TP32A",'All data map'!$F$1369:$J$1369, IF($Y$14="XBE-RY08A",'All data map'!$F$1370:$J$1370, IF($Y$14="XBE-RY08B",'All data map'!$F$1371:$J$1371, IF($Y$14="XBE-RY16A",'All data map'!$F$1372:$J$1372, IF($Y$14="XBE-DR16A",'All data map'!$F$1373:$J$1374, IF($Y$14="XBE-DN32A",'All data map'!$F$1375:$J$1376, IF($Y$14="XBF-AD04A",'All data map'!$F$1377:$J$1387, IF($Y$14="XBF-AD08A",'All data map'!$F$1388:$J$1422, IF($Y$14="XBF-AD04C",'All data map'!$F$1423:$J$1453, IF($Y$14="XBF-DV04A",'All data map'!$F$1454:$J$1470, IF($Y$14="XBF-DC04A",'All data map'!$F$1471:$J$1487, IF($Y$14="XBF-DC04B",'All data map'!$F$1488:$J$1504, IF($Y$14="XBF-DV04C",'All data map'!$F$1505:$J$1525, IF($Y$14="XBF-DC04C",'All data map'!$F$1526:$J$1550, IF($Y$14="XBF-AH04A",'All data map'!$F$1551:$J$1570, IF($Y$14="XBF-RD04A",'All data map'!$F$1571:$J$1590, IF($Y$14="XBF-RD01A",'All data map'!$F$1591:$J$1604, IF($Y$14="XBF-TC04B",'All data map'!$F$1605:$J$1650, IF($Y$14="XBF-TC04S",'All data map'!$F$1651:$J$1696, IF($Y$14="XBF-LD02S",'All data map'!$F$1697:$J$1805, IF($Y$14="XBF-HO02A",'All data map'!$F$1806:$J$1866, IF($Y$14="XBF-HD02A",'All data map'!$F$1867:$J$1927,IF($Y$14="Header",'All data map'!$F$2063:$J$2075,))))))))))))))))))))))))))))))))),BH25,FALSE),"-") -> Temperature input module : Channel 3 disconnection | BB25: 16 | BC25: 16 | BD25: 16 | BE25: 16 | BF25: 16 | BG25: 16 | BH25: 16 | BI25: 16 | BJ25: 16 | BK25: 16 | BL25: 16 | BM25: 16 | BN25: 16 | BO25: 16 | BP25: 16 | BQ25: 16 | BR25: 16
Z26: =IFERROR(HLOOKUP(VLOOKUP((VLOOKUP($Y$10,$B$10:$C$22,2,FALSE)),'All data map'!$C$1:$J$3005,4,FALSE),IF($Y$14="XBE-DC08A",'All data map'!$F$1359:$J$1359, IF($Y$14="XBE-DC16A",'All data map'!$F$1360:$J$1360, IF($Y$14="XBE-DC16B",'All data map'!$F$1361:$J$1361, IF($Y$14="XBE-DC32A",'All data map'!$F$1362:$J$1362, IF($Y$14="XBE-AC08A",'All data map'!$F$1363:$J$1363, IF($Y$14="XBE-TN08A",'All data map'!$F$1364:$J$1364, IF($Y$14="XBE-TP08A",'All data map'!$F$1365:$J$1365, IF($Y$14="XBE-TN16A",'All data map'!$F$1366:$J$1366, IF($Y$14="XBE-TP16A",'All data map'!$F$1367:$J$1367, IF($Y$14="XBE-TN32A",'All data map'!$F$1368:$J$1368, IF($Y$14="XBE-TP32A",'All data map'!$F$1369:$J$1369, IF($Y$14="XBE-RY08A",'All data map'!$F$1370:$J$1370, IF($Y$14="XBE-RY08B",'All data map'!$F$1371:$J$1371, IF($Y$14="XBE-RY16A",'All data map'!$F$1372:$J$1372, IF($Y$14="XBE-DR16A",'All data map'!$F$1373:$J$1374, IF($Y$14="XBE-DN32A",'All data map'!$F$1375:$J$1376, IF($Y$14="XBF-AD04A",'All data map'!$F$1377:$J$1387, IF($Y$14="XBF-AD08A",'All data map'!$F$1388:$J$1422, IF($Y$14="XBF-AD04C",'All data map'!$F$1423:$J$1453, IF($Y$14="XBF-DV04A",'All data map'!$F$1454:$J$1470, IF($Y$14="XBF-DC04A",'All data map'!$F$1471:$J$1487, IF($Y$14="XBF-DC04B",'All data map'!$F$1488:$J$1504, IF($Y$14="XBF-DV04C",'All data map'!$F$1505:$J$1525, IF($Y$14="XBF-DC04C",'All data map'!$F$1526:$J$1550, IF($Y$14="XBF-AH04A",'All data map'!$F$1551:$J$1570, IF($Y$14="XBF-RD04A",'All data map'!$F$1571:$J$1590, IF($Y$14="XBF-RD01A",'All data map'!$F$1591:$J$1604, IF($Y$14="XBF-TC04B",'All data map'!$F$1605:$J$1650, IF($Y$14="XBF-TC04S",'All data map'!$F$1651:$J$1696, IF($Y$14="XBF-LD02S",'All data map'!$F$1697:$J$1805, IF($Y$14="XBF-HO02A",'All data map'!$F$1806:$J$1866, IF($Y$14="XBF-HD02A",'All data map'!$F$1867:$J$1927,IF($Y$14="Header",'All data map'!$F$2063:$J$2075,))))))))))))))))))))))))))))))))),BD26,FALSE),"-") -> Input | AA26: =IFERROR(HLOOKUP(VLOOKUP((VLOOKUP($Y$10,$B$10:$C$22,2,FALSE)),'All data map'!$C$1:$J$3005,5,FALSE),IF($Y$14="XBE-DC08A",'All data map'!$F$1359:$J$1359, IF($Y$14="XBE-DC16A",'All data map'!$F$1360:$J$1360, IF($Y$14="XBE-DC16B",'All data map'!$F$1361:$J$1361, IF($Y$14="XBE-DC32A",'All data map'!$F$1362:$J$1362, IF($Y$14="XBE-AC08A",'All data map'!$F$1363:$J$1363, IF($Y$14="XBE-TN08A",'All data map'!$F$1364:$J$1364, IF($Y$14="XBE-TP08A",'All data map'!$F$1365:$J$1365, IF($Y$14="XBE-TN16A",'All data map'!$F$1366:$J$1366, IF($Y$14="XBE-TP16A",'All data map'!$F$1367:$J$1367, IF($Y$14="XBE-TN32A",'All data map'!$F$1368:$J$1368, IF($Y$14="XBE-TP32A",'All data map'!$F$1369:$J$1369, IF($Y$14="XBE-RY08A",'All data map'!$F$1370:$J$1370, IF($Y$14="XBE-RY08B",'All data map'!$F$1371:$J$1371, IF($Y$14="XBE-RY16A",'All data map'!$F$1372:$J$1372, IF($Y$14="XBE-DR16A",'All data map'!$F$1373:$J$1374, IF($Y$14="XBE-DN32A",'All data map'!$F$1375:$J$1376, IF($Y$14="XBF-AD04A",'All data map'!$F$1377:$J$1387, IF($Y$14="XBF-AD08A",'All data map'!$F$1388:$J$1422, IF($Y$14="XBF-AD04C",'All data map'!$F$1423:$J$1453, IF($Y$14="XBF-DV04A",'All data map'!$F$1454:$J$1470, IF($Y$14="XBF-DC04A",'All data map'!$F$1471:$J$1487, IF($Y$14="XBF-DC04B",'All data map'!$F$1488:$J$1504, IF($Y$14="XBF-DV04C",'All data map'!$F$1505:$J$1525, IF($Y$14="XBF-DC04C",'All data map'!$F$1526:$J$1550, IF($Y$14="XBF-AH04A",'All data map'!$F$1551:$J$1570, IF($Y$14="XBF-RD04A",'All data map'!$F$1571:$J$1590, IF($Y$14="XBF-RD01A",'All data map'!$F$1591:$J$1604, IF($Y$14="XBF-TC04B",'All data map'!$F$1605:$J$1650, IF($Y$14="XBF-TC04S",'All data map'!$F$1651:$J$1696, IF($Y$14="XBF-LD02S",'All data map'!$F$1697:$J$1805, IF($Y$14="XBF-HO02A",'All data map'!$F$1806:$J$1866, IF($Y$14="XBF-HD02A",'All data map'!$F$1867:$J$1927,IF($Y$14="Header",'All data map'!$F$2063:$H$2075,0))))))))))))))))))))))))))))))))),BE26,FALSE),"-") -> XBF-TC04B_CH0_SETERR | AB26: =IFERROR(HLOOKUP(VLOOKUP((VLOOKUP($Y$10,$B$10:$C$22,2,FALSE)),'All data map'!$C$1:$J$3005,6,FALSE),IF($Y$14="XBE-DC08A",'All data map'!$F$1359:$J$1359, IF($Y$14="XBE-DC16A",'All data map'!$F$1360:$J$1360, IF($Y$14="XBE-DC16B",'All data map'!$F$1361:$J$1361, IF($Y$14="XBE-DC32A",'All data map'!$F$1362:$J$1362, IF($Y$14="XBE-AC08A",'All data map'!$F$1363:$J$1363, IF($Y$14="XBE-TN08A",'All data map'!$F$1364:$J$1364, IF($Y$14="XBE-TP08A",'All data map'!$F$1365:$J$1365, IF($Y$14="XBE-TN16A",'All data map'!$F$1366:$J$1366, IF($Y$14="XBE-TP16A",'All data map'!$F$1367:$J$1367, IF($Y$14="XBE-TN32A",'All data map'!$F$1368:$J$1368, IF($Y$14="XBE-TP32A",'All data map'!$F$1369:$J$1369, IF($Y$14="XBE-RY08A",'All data map'!$F$1370:$J$1370, IF($Y$14="XBE-RY08B",'All data map'!$F$1371:$J$1371, IF($Y$14="XBE-RY16A",'All data map'!$F$1372:$J$1372, IF($Y$14="XBE-DR16A",'All data map'!$F$1373:$J$1374, IF($Y$14="XBE-DN32A",'All data map'!$F$1375:$J$1376, IF($Y$14="XBF-AD04A",'All data map'!$F$1377:$J$1387, IF($Y$14="XBF-AD08A",'All data map'!$F$1388:$J$1422, IF($Y$14="XBF-AD04C",'All data map'!$F$1423:$J$1453, IF($Y$14="XBF-DV04A",'All data map'!$F$1454:$J$1470, IF($Y$14="XBF-DC04A",'All data map'!$F$1471:$J$1487, IF($Y$14="XBF-DC04B",'All data map'!$F$1488:$J$1504, IF($Y$14="XBF-DV04C",'All data map'!$F$1505:$J$1525, IF($Y$14="XBF-DC04C",'All data map'!$F$1526:$J$1550, IF($Y$14="XBF-AH04A",'All data map'!$F$1551:$J$1570, IF($Y$14="XBF-RD04A",'All data map'!$F$1571:$J$1590, IF($Y$14="XBF-RD01A",'All data map'!$F$1591:$J$1604, IF($Y$14="XBF-TC04B",'All data map'!$F$1605:$J$1650, IF($Y$14="XBF-TC04S",'All data map'!$F$1651:$J$1696, IF($Y$14="XBF-LD02S",'All data map'!$F$1697:$J$1805, IF($Y$14="XBF-HO02A",'All data map'!$F$1806:$J$1866, IF($Y$14="XBF-HD02A",'All data map'!$F$1867:$J$1927,IF($Y$14="Header",'All data map'!$F$2063:$J$2075,))))))))))))))))))))))))))))))))),BF26,FALSE),"-") -> BIT | AC26: =IFERROR(HLOOKUP(VLOOKUP((VLOOKUP($Y$10,$B$10:$C$22,2,FALSE)),'All data map'!$C$1:$J$3005,7,FALSE),IF($Y$14="XBE-DC08A",'All data map'!$F$1359:$J$1359, IF($Y$14="XBE-DC16A",'All data map'!$F$1360:$J$1360, IF($Y$14="XBE-DC16B",'All data map'!$F$1361:$J$1361, IF($Y$14="XBE-DC32A",'All data map'!$F$1362:$J$1362, IF($Y$14="XBE-AC08A",'All data map'!$F$1363:$J$1363, IF($Y$14="XBE-TN08A",'All data map'!$F$1364:$J$1364, IF($Y$14="XBE-TP08A",'All data map'!$F$1365:$J$1365, IF($Y$14="XBE-TN16A",'All data map'!$F$1366:$J$1366, IF($Y$14="XBE-TP16A",'All data map'!$F$1367:$J$1367, IF($Y$14="XBE-TN32A",'All data map'!$F$1368:$J$1368, IF($Y$14="XBE-TP32A",'All data map'!$F$1369:$J$1369, IF($Y$14="XBE-RY08A",'All data map'!$F$1370:$J$1370, IF($Y$14="XBE-RY08B",'All data map'!$F$1371:$J$1371, IF($Y$14="XBE-RY16A",'All data map'!$F$1372:$J$1372, IF($Y$14="XBE-DR16A",'All data map'!$F$1373:$J$1374, IF($Y$14="XBE-DN32A",'All data map'!$F$1375:$J$1376, IF($Y$14="XBF-AD04A",'All data map'!$F$1377:$J$1387, IF($Y$14="XBF-AD08A",'All data map'!$F$1388:$J$1422, IF($Y$14="XBF-AD04C",'All data map'!$F$1423:$J$1453, IF($Y$14="XBF-DV04A",'All data map'!$F$1454:$J$1470, IF($Y$14="XBF-DC04A",'All data map'!$F$1471:$J$1487, IF($Y$14="XBF-DC04B",'All data map'!$F$1488:$J$1504, IF($Y$14="XBF-DV04C",'All data map'!$F$1505:$J$1525, IF($Y$14="XBF-DC04C",'All data map'!$F$1526:$J$1550, IF($Y$14="XBF-AH04A",'All data map'!$F$1551:$J$1570, IF($Y$14="XBF-RD04A",'All data map'!$F$1571:$J$1590, IF($Y$14="XBF-RD01A",'All data map'!$F$1591:$J$1604, IF($Y$14="XBF-TC04B",'All data map'!$F$1605:$J$1650, IF($Y$14="XBF-TC04S",'All data map'!$F$1651:$J$1696, IF($Y$14="XBF-LD02S",'All data map'!$F$1697:$J$1805, IF($Y$14="XBF-HO02A",'All data map'!$F$1806:$J$1866, IF($Y$14="XBF-HD02A",'All data map'!$F$1867:$J$1927,IF($Y$14="Header",'All data map'!$F$2063:$J$2075,))))))))))))))))))))))))))))))))),BG26,FALSE),"-") -> 1.8 | AD26: =IFERROR(HLOOKUP(VLOOKUP((VLOOKUP($Y$10,$B$10:$C$22,2,FALSE)),'All data map'!$C$1:$J$3005,8,FALSE),IF($Y$14="XBE-DC08A",'All data map'!$F$1359:$J$1359, IF($Y$14="XBE-DC16A",'All data map'!$F$1360:$J$1360, IF($Y$14="XBE-DC16B",'All data map'!$F$1361:$J$1361, IF($Y$14="XBE-DC32A",'All data map'!$F$1362:$J$1362, IF($Y$14="XBE-AC08A",'All data map'!$F$1363:$J$1363, IF($Y$14="XBE-TN08A",'All data map'!$F$1364:$J$1364, IF($Y$14="XBE-TP08A",'All data map'!$F$1365:$J$1365, IF($Y$14="XBE-TN16A",'All data map'!$F$1366:$J$1366, IF($Y$14="XBE-TP16A",'All data map'!$F$1367:$J$1367, IF($Y$14="XBE-TN32A",'All data map'!$F$1368:$J$1368, IF($Y$14="XBE-TP32A",'All data map'!$F$1369:$J$1369, IF($Y$14="XBE-RY08A",'All data map'!$F$1370:$J$1370, IF($Y$14="XBE-RY08B",'All data map'!$F$1371:$J$1371, IF($Y$14="XBE-RY16A",'All data map'!$F$1372:$J$1372, IF($Y$14="XBE-DR16A",'All data map'!$F$1373:$J$1374, IF($Y$14="XBE-DN32A",'All data map'!$F$1375:$J$1376, IF($Y$14="XBF-AD04A",'All data map'!$F$1377:$J$1387, IF($Y$14="XBF-AD08A",'All data map'!$F$1388:$J$1422, IF($Y$14="XBF-AD04C",'All data map'!$F$1423:$J$1453, IF($Y$14="XBF-DV04A",'All data map'!$F$1454:$J$1470, IF($Y$14="XBF-DC04A",'All data map'!$F$1471:$J$1487, IF($Y$14="XBF-DC04B",'All data map'!$F$1488:$J$1504, IF($Y$14="XBF-DV04C",'All data map'!$F$1505:$J$1525, IF($Y$14="XBF-DC04C",'All data map'!$F$1526:$J$1550, IF($Y$14="XBF-AH04A",'All data map'!$F$1551:$J$1570, IF($Y$14="XBF-RD04A",'All data map'!$F$1571:$J$1590, IF($Y$14="XBF-RD01A",'All data map'!$F$1591:$J$1604, IF($Y$14="XBF-TC04B",'All data map'!$F$1605:$J$1650, IF($Y$14="XBF-TC04S",'All data map'!$F$1651:$J$1696, IF($Y$14="XBF-LD02S",'All data map'!$F$1697:$J$1805, IF($Y$14="XBF-HO02A",'All data map'!$F$1806:$J$1866, IF($Y$14="XBF-HD02A",'All data map'!$F$1867:$J$1927,IF($Y$14="Header",'All data map'!$F$2063:$J$2075,))))))))))))))))))))))))))))))))),BH26,FALSE),"-") -> Temperature input module : Channel 0 error code | BB26: 17 | BC26: 17 | BD26: 17 | BE26: 17 | BF26: 17 | BG26: 17 | BH26: 17 | BI26: 17 | BJ26: 17 | BK26: 17 | BL26: 17 | BM26: 17 | BN26: 17 | BO26: 17 | BP26: 17 | BQ26: 17 | BR26: 17
Z27: =IFERROR(HLOOKUP(VLOOKUP((VLOOKUP($Y$10,$B$10:$C$22,2,FALSE)),'All data map'!$C$1:$J$3005,4,FALSE),IF($Y$14="XBE-DC08A",'All data map'!$F$1359:$J$1359, IF($Y$14="XBE-DC16A",'All data map'!$F$1360:$J$1360, IF($Y$14="XBE-DC16B",'All data map'!$F$1361:$J$1361, IF($Y$14="XBE-DC32A",'All data map'!$F$1362:$J$1362, IF($Y$14="XBE-AC08A",'All data map'!$F$1363:$J$1363, IF($Y$14="XBE-TN08A",'All data map'!$F$1364:$J$1364, IF($Y$14="XBE-TP08A",'All data map'!$F$1365:$J$1365, IF($Y$14="XBE-TN16A",'All data map'!$F$1366:$J$1366, IF($Y$14="XBE-TP16A",'All data map'!$F$1367:$J$1367, IF($Y$14="XBE-TN32A",'All data map'!$F$1368:$J$1368, IF($Y$14="XBE-TP32A",'All data map'!$F$1369:$J$1369, IF($Y$14="XBE-RY08A",'All data map'!$F$1370:$J$1370, IF($Y$14="XBE-RY08B",'All data map'!$F$1371:$J$1371, IF($Y$14="XBE-RY16A",'All data map'!$F$1372:$J$1372, IF($Y$14="XBE-DR16A",'All data map'!$F$1373:$J$1374, IF($Y$14="XBE-DN32A",'All data map'!$F$1375:$J$1376, IF($Y$14="XBF-AD04A",'All data map'!$F$1377:$J$1387, IF($Y$14="XBF-AD08A",'All data map'!$F$1388:$J$1422, IF($Y$14="XBF-AD04C",'All data map'!$F$1423:$J$1453, IF($Y$14="XBF-DV04A",'All data map'!$F$1454:$J$1470, IF($Y$14="XBF-DC04A",'All data map'!$F$1471:$J$1487, IF($Y$14="XBF-DC04B",'All data map'!$F$1488:$J$1504, IF($Y$14="XBF-DV04C",'All data map'!$F$1505:$J$1525, IF($Y$14="XBF-DC04C",'All data map'!$F$1526:$J$1550, IF($Y$14="XBF-AH04A",'All data map'!$F$1551:$J$1570, IF($Y$14="XBF-RD04A",'All data map'!$F$1571:$J$1590, IF($Y$14="XBF-RD01A",'All data map'!$F$1591:$J$1604, IF($Y$14="XBF-TC04B",'All data map'!$F$1605:$J$1650, IF($Y$14="XBF-TC04S",'All data map'!$F$1651:$J$1696, IF($Y$14="XBF-LD02S",'All data map'!$F$1697:$J$1805, IF($Y$14="XBF-HO02A",'All data map'!$F$1806:$J$1866, IF($Y$14="XBF-HD02A",'All data map'!$F$1867:$J$1927,IF($Y$14="Header",'All data map'!$F$2063:$J$2075,))))))))))))))))))))))))))))))))),BD27,FALSE),"-") -> Input | AA27: =IFERROR(HLOOKUP(VLOOKUP((VLOOKUP($Y$10,$B$10:$C$22,2,FALSE)),'All data map'!$C$1:$J$3005,5,FALSE),IF($Y$14="XBE-DC08A",'All data map'!$F$1359:$J$1359, IF($Y$14="XBE-DC16A",'All data map'!$F$1360:$J$1360, IF($Y$14="XBE-DC16B",'All data map'!$F$1361:$J$1361, IF($Y$14="XBE-DC32A",'All data map'!$F$1362:$J$1362, IF($Y$14="XBE-AC08A",'All data map'!$F$1363:$J$1363, IF($Y$14="XBE-TN08A",'All data map'!$F$1364:$J$1364, IF($Y$14="XBE-TP08A",'All data map'!$F$1365:$J$1365, IF($Y$14="XBE-TN16A",'All data map'!$F$1366:$J$1366, IF($Y$14="XBE-TP16A",'All data map'!$F$1367:$J$1367, IF($Y$14="XBE-TN32A",'All data map'!$F$1368:$J$1368, IF($Y$14="XBE-TP32A",'All data map'!$F$1369:$J$1369, IF($Y$14="XBE-RY08A",'All data map'!$F$1370:$J$1370, IF($Y$14="XBE-RY08B",'All data map'!$F$1371:$J$1371, IF($Y$14="XBE-RY16A",'All data map'!$F$1372:$J$1372, IF($Y$14="XBE-DR16A",'All data map'!$F$1373:$J$1374, IF($Y$14="XBE-DN32A",'All data map'!$F$1375:$J$1376, IF($Y$14="XBF-AD04A",'All data map'!$F$1377:$J$1387, IF($Y$14="XBF-AD08A",'All data map'!$F$1388:$J$1422, IF($Y$14="XBF-AD04C",'All data map'!$F$1423:$J$1453, IF($Y$14="XBF-DV04A",'All data map'!$F$1454:$J$1470, IF($Y$14="XBF-DC04A",'All data map'!$F$1471:$J$1487, IF($Y$14="XBF-DC04B",'All data map'!$F$1488:$J$1504, IF($Y$14="XBF-DV04C",'All data map'!$F$1505:$J$1525, IF($Y$14="XBF-DC04C",'All data map'!$F$1526:$J$1550, IF($Y$14="XBF-AH04A",'All data map'!$F$1551:$J$1570, IF($Y$14="XBF-RD04A",'All data map'!$F$1571:$J$1590, IF($Y$14="XBF-RD01A",'All data map'!$F$1591:$J$1604, IF($Y$14="XBF-TC04B",'All data map'!$F$1605:$J$1650, IF($Y$14="XBF-TC04S",'All data map'!$F$1651:$J$1696, IF($Y$14="XBF-LD02S",'All data map'!$F$1697:$J$1805, IF($Y$14="XBF-HO02A",'All data map'!$F$1806:$J$1866, IF($Y$14="XBF-HD02A",'All data map'!$F$1867:$J$1927,IF($Y$14="Header",'All data map'!$F$2063:$H$2075,0))))))))))))))))))))))))))))))))),BE27,FALSE),"-") -> XBF-TC04B_CH1_SETERR | AB27: =IFERROR(HLOOKUP(VLOOKUP((VLOOKUP($Y$10,$B$10:$C$22,2,FALSE)),'All data map'!$C$1:$J$3005,6,FALSE),IF($Y$14="XBE-DC08A",'All data map'!$F$1359:$J$1359, IF($Y$14="XBE-DC16A",'All data map'!$F$1360:$J$1360, IF($Y$14="XBE-DC16B",'All data map'!$F$1361:$J$1361, IF($Y$14="XBE-DC32A",'All data map'!$F$1362:$J$1362, IF($Y$14="XBE-AC08A",'All data map'!$F$1363:$J$1363, IF($Y$14="XBE-TN08A",'All data map'!$F$1364:$J$1364, IF($Y$14="XBE-TP08A",'All data map'!$F$1365:$J$1365, IF($Y$14="XBE-TN16A",'All data map'!$F$1366:$J$1366, IF($Y$14="XBE-TP16A",'All data map'!$F$1367:$J$1367, IF($Y$14="XBE-TN32A",'All data map'!$F$1368:$J$1368, IF($Y$14="XBE-TP32A",'All data map'!$F$1369:$J$1369, IF($Y$14="XBE-RY08A",'All data map'!$F$1370:$J$1370, IF($Y$14="XBE-RY08B",'All data map'!$F$1371:$J$1371, IF($Y$14="XBE-RY16A",'All data map'!$F$1372:$J$1372, IF($Y$14="XBE-DR16A",'All data map'!$F$1373:$J$1374, IF($Y$14="XBE-DN32A",'All data map'!$F$1375:$J$1376, IF($Y$14="XBF-AD04A",'All data map'!$F$1377:$J$1387, IF($Y$14="XBF-AD08A",'All data map'!$F$1388:$J$1422, IF($Y$14="XBF-AD04C",'All data map'!$F$1423:$J$1453, IF($Y$14="XBF-DV04A",'All data map'!$F$1454:$J$1470, IF($Y$14="XBF-DC04A",'All data map'!$F$1471:$J$1487, IF($Y$14="XBF-DC04B",'All data map'!$F$1488:$J$1504, IF($Y$14="XBF-DV04C",'All data map'!$F$1505:$J$1525, IF($Y$14="XBF-DC04C",'All data map'!$F$1526:$J$1550, IF($Y$14="XBF-AH04A",'All data map'!$F$1551:$J$1570, IF($Y$14="XBF-RD04A",'All data map'!$F$1571:$J$1590, IF($Y$14="XBF-RD01A",'All data map'!$F$1591:$J$1604, IF($Y$14="XBF-TC04B",'All data map'!$F$1605:$J$1650, IF($Y$14="XBF-TC04S",'All data map'!$F$1651:$J$1696, IF($Y$14="XBF-LD02S",'All data map'!$F$1697:$J$1805, IF($Y$14="XBF-HO02A",'All data map'!$F$1806:$J$1866, IF($Y$14="XBF-HD02A",'All data map'!$F$1867:$J$1927,IF($Y$14="Header",'All data map'!$F$2063:$J$2075,))))))))))))))))))))))))))))))))),BF27,FALSE),"-") -> BIT | AC27: =IFERROR(HLOOKUP(VLOOKUP((VLOOKUP($Y$10,$B$10:$C$22,2,FALSE)),'All data map'!$C$1:$J$3005,7,FALSE),IF($Y$14="XBE-DC08A",'All data map'!$F$1359:$J$1359, IF($Y$14="XBE-DC16A",'All data map'!$F$1360:$J$1360, IF($Y$14="XBE-DC16B",'All data map'!$F$1361:$J$1361, IF($Y$14="XBE-DC32A",'All data map'!$F$1362:$J$1362, IF($Y$14="XBE-AC08A",'All data map'!$F$1363:$J$1363, IF($Y$14="XBE-TN08A",'All data map'!$F$1364:$J$1364, IF($Y$14="XBE-TP08A",'All data map'!$F$1365:$J$1365, IF($Y$14="XBE-TN16A",'All data map'!$F$1366:$J$1366, IF($Y$14="XBE-TP16A",'All data map'!$F$1367:$J$1367, IF($Y$14="XBE-TN32A",'All data map'!$F$1368:$J$1368, IF($Y$14="XBE-TP32A",'All data map'!$F$1369:$J$1369, IF($Y$14="XBE-RY08A",'All data map'!$F$1370:$J$1370, IF($Y$14="XBE-RY08B",'All data map'!$F$1371:$J$1371, IF($Y$14="XBE-RY16A",'All data map'!$F$1372:$J$1372, IF($Y$14="XBE-DR16A",'All data map'!$F$1373:$J$1374, IF($Y$14="XBE-DN32A",'All data map'!$F$1375:$J$1376, IF($Y$14="XBF-AD04A",'All data map'!$F$1377:$J$1387, IF($Y$14="XBF-AD08A",'All data map'!$F$1388:$J$1422, IF($Y$14="XBF-AD04C",'All data map'!$F$1423:$J$1453, IF($Y$14="XBF-DV04A",'All data map'!$F$1454:$J$1470, IF($Y$14="XBF-DC04A",'All data map'!$F$1471:$J$1487, IF($Y$14="XBF-DC04B",'All data map'!$F$1488:$J$1504, IF($Y$14="XBF-DV04C",'All data map'!$F$1505:$J$1525, IF($Y$14="XBF-DC04C",'All data map'!$F$1526:$J$1550, IF($Y$14="XBF-AH04A",'All data map'!$F$1551:$J$1570, IF($Y$14="XBF-RD04A",'All data map'!$F$1571:$J$1590, IF($Y$14="XBF-RD01A",'All data map'!$F$1591:$J$1604, IF($Y$14="XBF-TC04B",'All data map'!$F$1605:$J$1650, IF($Y$14="XBF-TC04S",'All data map'!$F$1651:$J$1696, IF($Y$14="XBF-LD02S",'All data map'!$F$1697:$J$1805, IF($Y$14="XBF-HO02A",'All data map'!$F$1806:$J$1866, IF($Y$14="XBF-HD02A",'All data map'!$F$1867:$J$1927,IF($Y$14="Header",'All data map'!$F$2063:$J$2075,))))))))))))))))))))))))))))))))),BG27,FALSE),"-") -> 1.9 | AD27: =IFERROR(HLOOKUP(VLOOKUP((VLOOKUP($Y$10,$B$10:$C$22,2,FALSE)),'All data map'!$C$1:$J$3005,8,FALSE),IF($Y$14="XBE-DC08A",'All data map'!$F$1359:$J$1359, IF($Y$14="XBE-DC16A",'All data map'!$F$1360:$J$1360, IF($Y$14="XBE-DC16B",'All data map'!$F$1361:$J$1361, IF($Y$14="XBE-DC32A",'All data map'!$F$1362:$J$1362, IF($Y$14="XBE-AC08A",'All data map'!$F$1363:$J$1363, IF($Y$14="XBE-TN08A",'All data map'!$F$1364:$J$1364, IF($Y$14="XBE-TP08A",'All data map'!$F$1365:$J$1365, IF($Y$14="XBE-TN16A",'All data map'!$F$1366:$J$1366, IF($Y$14="XBE-TP16A",'All data map'!$F$1367:$J$1367, IF($Y$14="XBE-TN32A",'All data map'!$F$1368:$J$1368, IF($Y$14="XBE-TP32A",'All data map'!$F$1369:$J$1369, IF($Y$14="XBE-RY08A",'All data map'!$F$1370:$J$1370, IF($Y$14="XBE-RY08B",'All data map'!$F$1371:$J$1371, IF($Y$14="XBE-RY16A",'All data map'!$F$1372:$J$1372, IF($Y$14="XBE-DR16A",'All data map'!$F$1373:$J$1374, IF($Y$14="XBE-DN32A",'All data map'!$F$1375:$J$1376, IF($Y$14="XBF-AD04A",'All data map'!$F$1377:$J$1387, IF($Y$14="XBF-AD08A",'All data map'!$F$1388:$J$1422, IF($Y$14="XBF-AD04C",'All data map'!$F$1423:$J$1453, IF($Y$14="XBF-DV04A",'All data map'!$F$1454:$J$1470, IF($Y$14="XBF-DC04A",'All data map'!$F$1471:$J$1487, IF($Y$14="XBF-DC04B",'All data map'!$F$1488:$J$1504, IF($Y$14="XBF-DV04C",'All data map'!$F$1505:$J$1525, IF($Y$14="XBF-DC04C",'All data map'!$F$1526:$J$1550, IF($Y$14="XBF-AH04A",'All data map'!$F$1551:$J$1570, IF($Y$14="XBF-RD04A",'All data map'!$F$1571:$J$1590, IF($Y$14="XBF-RD01A",'All data map'!$F$1591:$J$1604, IF($Y$14="XBF-TC04B",'All data map'!$F$1605:$J$1650, IF($Y$14="XBF-TC04S",'All data map'!$F$1651:$J$1696, IF($Y$14="XBF-LD02S",'All data map'!$F$1697:$J$1805, IF($Y$14="XBF-HO02A",'All data map'!$F$1806:$J$1866, IF($Y$14="XBF-HD02A",'All data map'!$F$1867:$J$1927,IF($Y$14="Header",'All data map'!$F$2063:$J$2075,))))))))))))))))))))))))))))))))),BH27,FALSE),"-") -> Temperature input module : Channel 1 error code | BB27: 18 | BC27: 18 | BD27: 18 | BE27: 18 | BF27: 18 | BG27: 18 | BH27: 18 | BI27: 18 | BJ27: 18 | BK27: 18 | BL27: 18 | BM27: 18 | BN27: 18 | BO27: 18 | BP27: 18 | BQ27: 18 | BR27: 18
Z28: =IFERROR(HLOOKUP(VLOOKUP((VLOOKUP($Y$10,$B$10:$C$22,2,FALSE)),'All data map'!$C$1:$J$3005,4,FALSE),IF($Y$14="XBE-DC08A",'All data map'!$F$1359:$J$1359, IF($Y$14="XBE-DC16A",'All data map'!$F$1360:$J$1360, IF($Y$14="XBE-DC16B",'All data map'!$F$1361:$J$1361, IF($Y$14="XBE-DC32A",'All data map'!$F$1362:$J$1362, IF($Y$14="XBE-AC08A",'All data map'!$F$1363:$J$1363, IF($Y$14="XBE-TN08A",'All data map'!$F$1364:$J$1364, IF($Y$14="XBE-TP08A",'All data map'!$F$1365:$J$1365, IF($Y$14="XBE-TN16A",'All data map'!$F$1366:$J$1366, IF($Y$14="XBE-TP16A",'All data map'!$F$1367:$J$1367, IF($Y$14="XBE-TN32A",'All data map'!$F$1368:$J$1368, IF($Y$14="XBE-TP32A",'All data map'!$F$1369:$J$1369, IF($Y$14="XBE-RY08A",'All data map'!$F$1370:$J$1370, IF($Y$14="XBE-RY08B",'All data map'!$F$1371:$J$1371, IF($Y$14="XBE-RY16A",'All data map'!$F$1372:$J$1372, IF($Y$14="XBE-DR16A",'All data map'!$F$1373:$J$1374, IF($Y$14="XBE-DN32A",'All data map'!$F$1375:$J$1376, IF($Y$14="XBF-AD04A",'All data map'!$F$1377:$J$1387, IF($Y$14="XBF-AD08A",'All data map'!$F$1388:$J$1422, IF($Y$14="XBF-AD04C",'All data map'!$F$1423:$J$1453, IF($Y$14="XBF-DV04A",'All data map'!$F$1454:$J$1470, IF($Y$14="XBF-DC04A",'All data map'!$F$1471:$J$1487, IF($Y$14="XBF-DC04B",'All data map'!$F$1488:$J$1504, IF($Y$14="XBF-DV04C",'All data map'!$F$1505:$J$1525, IF($Y$14="XBF-DC04C",'All data map'!$F$1526:$J$1550, IF($Y$14="XBF-AH04A",'All data map'!$F$1551:$J$1570, IF($Y$14="XBF-RD04A",'All data map'!$F$1571:$J$1590, IF($Y$14="XBF-RD01A",'All data map'!$F$1591:$J$1604, IF($Y$14="XBF-TC04B",'All data map'!$F$1605:$J$1650, IF($Y$14="XBF-TC04S",'All data map'!$F$1651:$J$1696, IF($Y$14="XBF-LD02S",'All data map'!$F$1697:$J$1805, IF($Y$14="XBF-HO02A",'All data map'!$F$1806:$J$1866, IF($Y$14="XBF-HD02A",'All data map'!$F$1867:$J$1927,IF($Y$14="Header",'All data map'!$F$2063:$J$2075,))))))))))))))))))))))))))))))))),BD28,FALSE),"-") -> Input | AA28: =IFERROR(HLOOKUP(VLOOKUP((VLOOKUP($Y$10,$B$10:$C$22,2,FALSE)),'All data map'!$C$1:$J$3005,5,FALSE),IF($Y$14="XBE-DC08A",'All data map'!$F$1359:$J$1359, IF($Y$14="XBE-DC16A",'All data map'!$F$1360:$J$1360, IF($Y$14="XBE-DC16B",'All data map'!$F$1361:$J$1361, IF($Y$14="XBE-DC32A",'All data map'!$F$1362:$J$1362, IF($Y$14="XBE-AC08A",'All data map'!$F$1363:$J$1363, IF($Y$14="XBE-TN08A",'All data map'!$F$1364:$J$1364, IF($Y$14="XBE-TP08A",'All data map'!$F$1365:$J$1365, IF($Y$14="XBE-TN16A",'All data map'!$F$1366:$J$1366, IF($Y$14="XBE-TP16A",'All data map'!$F$1367:$J$1367, IF($Y$14="XBE-TN32A",'All data map'!$F$1368:$J$1368, IF($Y$14="XBE-TP32A",'All data map'!$F$1369:$J$1369, IF($Y$14="XBE-RY08A",'All data map'!$F$1370:$J$1370, IF($Y$14="XBE-RY08B",'All data map'!$F$1371:$J$1371, IF($Y$14="XBE-RY16A",'All data map'!$F$1372:$J$1372, IF($Y$14="XBE-DR16A",'All data map'!$F$1373:$J$1374, IF($Y$14="XBE-DN32A",'All data map'!$F$1375:$J$1376, IF($Y$14="XBF-AD04A",'All data map'!$F$1377:$J$1387, IF($Y$14="XBF-AD08A",'All data map'!$F$1388:$J$1422, IF($Y$14="XBF-AD04C",'All data map'!$F$1423:$J$1453, IF($Y$14="XBF-DV04A",'All data map'!$F$1454:$J$1470, IF($Y$14="XBF-DC04A",'All data map'!$F$1471:$J$1487, IF($Y$14="XBF-DC04B",'All data map'!$F$1488:$J$1504, IF($Y$14="XBF-DV04C",'All data map'!$F$1505:$J$1525, IF($Y$14="XBF-DC04C",'All data map'!$F$1526:$J$1550, IF($Y$14="XBF-AH04A",'All data map'!$F$1551:$J$1570, IF($Y$14="XBF-RD04A",'All data map'!$F$1571:$J$1590, IF($Y$14="XBF-RD01A",'All data map'!$F$1591:$J$1604, IF($Y$14="XBF-TC04B",'All data map'!$F$1605:$J$1650, IF($Y$14="XBF-TC04S",'All data map'!$F$1651:$J$1696, IF($Y$14="XBF-LD02S",'All data map'!$F$1697:$J$1805, IF($Y$14="XBF-HO02A",'All data map'!$F$1806:$J$1866, IF($Y$14="XBF-HD02A",'All data map'!$F$1867:$J$1927,IF($Y$14="Header",'All data map'!$F$2063:$H$2075,0))))))))))))))))))))))))))))))))),BE28,FALSE),"-") -> XBF-TC04B_CH2_SETERR | AB28: =IFERROR(HLOOKUP(VLOOKUP((VLOOKUP($Y$10,$B$10:$C$22,2,FALSE)),'All data map'!$C$1:$J$3005,6,FALSE),IF($Y$14="XBE-DC08A",'All data map'!$F$1359:$J$1359, IF($Y$14="XBE-DC16A",'All data map'!$F$1360:$J$1360, IF($Y$14="XBE-DC16B",'All data map'!$F$1361:$J$1361, IF($Y$14="XBE-DC32A",'All data map'!$F$1362:$J$1362, IF($Y$14="XBE-AC08A",'All data map'!$F$1363:$J$1363, IF($Y$14="XBE-TN08A",'All data map'!$F$1364:$J$1364, IF($Y$14="XBE-TP08A",'All data map'!$F$1365:$J$1365, IF($Y$14="XBE-TN16A",'All data map'!$F$1366:$J$1366, IF($Y$14="XBE-TP16A",'All data map'!$F$1367:$J$1367, IF($Y$14="XBE-TN32A",'All data map'!$F$1368:$J$1368, IF($Y$14="XBE-TP32A",'All data map'!$F$1369:$J$1369, IF($Y$14="XBE-RY08A",'All data map'!$F$1370:$J$1370, IF($Y$14="XBE-RY08B",'All data map'!$F$1371:$J$1371, IF($Y$14="XBE-RY16A",'All data map'!$F$1372:$J$1372, IF($Y$14="XBE-DR16A",'All data map'!$F$1373:$J$1374, IF($Y$14="XBE-DN32A",'All data map'!$F$1375:$J$1376, IF($Y$14="XBF-AD04A",'All data map'!$F$1377:$J$1387, IF($Y$14="XBF-AD08A",'All data map'!$F$1388:$J$1422, IF($Y$14="XBF-AD04C",'All data map'!$F$1423:$J$1453, IF($Y$14="XBF-DV04A",'All data map'!$F$1454:$J$1470, IF($Y$14="XBF-DC04A",'All data map'!$F$1471:$J$1487, IF($Y$14="XBF-DC04B",'All data map'!$F$1488:$J$1504, IF($Y$14="XBF-DV04C",'All data map'!$F$1505:$J$1525, IF($Y$14="XBF-DC04C",'All data map'!$F$1526:$J$1550, IF($Y$14="XBF-AH04A",'All data map'!$F$1551:$J$1570, IF($Y$14="XBF-RD04A",'All data map'!$F$1571:$J$1590, IF($Y$14="XBF-RD01A",'All data map'!$F$1591:$J$1604, IF($Y$14="XBF-TC04B",'All data map'!$F$1605:$J$1650, IF($Y$14="XBF-TC04S",'All data map'!$F$1651:$J$1696, IF($Y$14="XBF-LD02S",'All data map'!$F$1697:$J$1805, IF($Y$14="XBF-HO02A",'All data map'!$F$1806:$J$1866, IF($Y$14="XBF-HD02A",'All data map'!$F$1867:$J$1927,IF($Y$14="Header",'All data map'!$F$2063:$J$2075,))))))))))))))))))))))))))))))))),BF28,FALSE),"-") -> BIT | AC28: =IFERROR(HLOOKUP(VLOOKUP((VLOOKUP($Y$10,$B$10:$C$22,2,FALSE)),'All data map'!$C$1:$J$3005,7,FALSE),IF($Y$14="XBE-DC08A",'All data map'!$F$1359:$J$1359, IF($Y$14="XBE-DC16A",'All data map'!$F$1360:$J$1360, IF($Y$14="XBE-DC16B",'All data map'!$F$1361:$J$1361, IF($Y$14="XBE-DC32A",'All data map'!$F$1362:$J$1362, IF($Y$14="XBE-AC08A",'All data map'!$F$1363:$J$1363, IF($Y$14="XBE-TN08A",'All data map'!$F$1364:$J$1364, IF($Y$14="XBE-TP08A",'All data map'!$F$1365:$J$1365, IF($Y$14="XBE-TN16A",'All data map'!$F$1366:$J$1366, IF($Y$14="XBE-TP16A",'All data map'!$F$1367:$J$1367, IF($Y$14="XBE-TN32A",'All data map'!$F$1368:$J$1368, IF($Y$14="XBE-TP32A",'All data map'!$F$1369:$J$1369, IF($Y$14="XBE-RY08A",'All data map'!$F$1370:$J$1370, IF($Y$14="XBE-RY08B",'All data map'!$F$1371:$J$1371, IF($Y$14="XBE-RY16A",'All data map'!$F$1372:$J$1372, IF($Y$14="XBE-DR16A",'All data map'!$F$1373:$J$1374, IF($Y$14="XBE-DN32A",'All data map'!$F$1375:$J$1376, IF($Y$14="XBF-AD04A",'All data map'!$F$1377:$J$1387, IF($Y$14="XBF-AD08A",'All data map'!$F$1388:$J$1422, IF($Y$14="XBF-AD04C",'All data map'!$F$1423:$J$1453, IF($Y$14="XBF-DV04A",'All data map'!$F$1454:$J$1470, IF($Y$14="XBF-DC04A",'All data map'!$F$1471:$J$1487, IF($Y$14="XBF-DC04B",'All data map'!$F$1488:$J$1504, IF($Y$14="XBF-DV04C",'All data map'!$F$1505:$J$1525, IF($Y$14="XBF-DC04C",'All data map'!$F$1526:$J$1550, IF($Y$14="XBF-AH04A",'All data map'!$F$1551:$J$1570, IF($Y$14="XBF-RD04A",'All data map'!$F$1571:$J$1590, IF($Y$14="XBF-RD01A",'All data map'!$F$1591:$J$1604, IF($Y$14="XBF-TC04B",'All data map'!$F$1605:$J$1650, IF($Y$14="XBF-TC04S",'All data map'!$F$1651:$J$1696, IF($Y$14="XBF-LD02S",'All data map'!$F$1697:$J$1805, IF($Y$14="XBF-HO02A",'All data map'!$F$1806:$J$1866, IF($Y$14="XBF-HD02A",'All data map'!$F$1867:$J$1927,IF($Y$14="Header",'All data map'!$F$2063:$J$2075,))))))))))))))))))))))))))))))))),BG28,FALSE),"-") -> 1.A | AD28: =IFERROR(HLOOKUP(VLOOKUP((VLOOKUP($Y$10,$B$10:$C$22,2,FALSE)),'All data map'!$C$1:$J$3005,8,FALSE),IF($Y$14="XBE-DC08A",'All data map'!$F$1359:$J$1359, IF($Y$14="XBE-DC16A",'All data map'!$F$1360:$J$1360, IF($Y$14="XBE-DC16B",'All data map'!$F$1361:$J$1361, IF($Y$14="XBE-DC32A",'All data map'!$F$1362:$J$1362, IF($Y$14="XBE-AC08A",'All data map'!$F$1363:$J$1363, IF($Y$14="XBE-TN08A",'All data map'!$F$1364:$J$1364, IF($Y$14="XBE-TP08A",'All data map'!$F$1365:$J$1365, IF($Y$14="XBE-TN16A",'All data map'!$F$1366:$J$1366, IF($Y$14="XBE-TP16A",'All data map'!$F$1367:$J$1367, IF($Y$14="XBE-TN32A",'All data map'!$F$1368:$J$1368, IF($Y$14="XBE-TP32A",'All data map'!$F$1369:$J$1369, IF($Y$14="XBE-RY08A",'All data map'!$F$1370:$J$1370, IF($Y$14="XBE-RY08B",'All data map'!$F$1371:$J$1371, IF($Y$14="XBE-RY16A",'All data map'!$F$1372:$J$1372, IF($Y$14="XBE-DR16A",'All data map'!$F$1373:$J$1374, IF($Y$14="XBE-DN32A",'All data map'!$F$1375:$J$1376, IF($Y$14="XBF-AD04A",'All data map'!$F$1377:$J$1387, IF($Y$14="XBF-AD08A",'All data map'!$F$1388:$J$1422, IF($Y$14="XBF-AD04C",'All data map'!$F$1423:$J$1453, IF($Y$14="XBF-DV04A",'All data map'!$F$1454:$J$1470, IF($Y$14="XBF-DC04A",'All data map'!$F$1471:$J$1487, IF($Y$14="XBF-DC04B",'All data map'!$F$1488:$J$1504, IF($Y$14="XBF-DV04C",'All data map'!$F$1505:$J$1525, IF($Y$14="XBF-DC04C",'All data map'!$F$1526:$J$1550, IF($Y$14="XBF-AH04A",'All data map'!$F$1551:$J$1570, IF($Y$14="XBF-RD04A",'All data map'!$F$1571:$J$1590, IF($Y$14="XBF-RD01A",'All data map'!$F$1591:$J$1604, IF($Y$14="XBF-TC04B",'All data map'!$F$1605:$J$1650, IF($Y$14="XBF-TC04S",'All data map'!$F$1651:$J$1696, IF($Y$14="XBF-LD02S",'All data map'!$F$1697:$J$1805, IF($Y$14="XBF-HO02A",'All data map'!$F$1806:$J$1866, IF($Y$14="XBF-HD02A",'All data map'!$F$1867:$J$1927,IF($Y$14="Header",'All data map'!$F$2063:$J$2075,))))))))))))))))))))))))))))))))),BH28,FALSE),"-") -> Temperature input module : Channel 2 error code | BB28: 19 | BC28: 19 | BD28: 19 | BE28: 19 | BF28: 19 | BG28: 19 | BH28: 19 | BI28: 19 | BJ28: 19 | BK28: 19 | BL28: 19 | BM28: 19 | BN28: 19 | BO28: 19 | BP28: 19 | BQ28: 19 | BR28: 19
